"TICKET_ID","OPEN_DATE_KEY","CLOSE_DATE_KEY","CATEGORY_KEY","AGENT_KEY","DEPARTMENT_KEY","PRIORITY_KEY","STATUS_KEY","IMPACT_KEY","RESOLUTION_HOURS","SLA_HOURS","USER_FEEDBACK_RATING","SLA_BREACHED"
"TCKT000001",20250811,20250813,1,1,1,1,1,1,46.68,1,4,1
"TCKT000002",20250517,20250518,2,2,2,1,1,2,17.62,1,1.8,1
"TCKT000003",20251031,20251031,3,3,3,2,1,2,1.45,1,2.8,1
"TCKT000004",20250909,20250910,4,3,3,3,1,1,1.79,4,3.9,0
"TCKT000005",20250507,20250508,5,4,4,4,1,2,13.37,4,4.7,1
"TCKT000006",20250616,20250617,3,3,4,4,1,2,31.21,1,3.6,1
"TCKT000007",20250816,0,6,5,5,2,2,2,,24,,0
"TCKT000008",20250305,20250305,7,6,2,3,1,2,1.29,2,3,0
"TCKT000009",20250813,20250814,8,2,6,1,3,1,36.68,72,2.2,0
"TCKT000010",20251116,20251116,2,2,4,2,3,3,11.57,1,3.4,1
"TCKT000011",20250204,0,9,7,7,3,4,1,,24,,0
"TCKT000012",20251119,20251119,8,2,4,1,1,3,9.52,72,1.6,0
"TCKT000013",20250106,0,2,2,1,4,5,1,,1,,0
"TCKT000014",20250426,20250426,10,2,7,3,3,2,2.85,2,1.3,1
"TCKT000015",20250519,20250520,8,2,8,3,3,3,29.86,72,4.9,0
"TCKT000016",20250920,20250920,4,3,3,3,1,3,3.82,4,1.4,0
"TCKT000017",20250614,20250615,7,6,3,2,1,3,1.19,2,2.8,0
"TCKT000018",20251023,20251024,6,5,4,2,1,2,31.02,24,2.2,1
"TCKT000019",20250609,20250609,2,2,4,2,1,2,6.38,1,3.3,1
"TCKT000020",20251102,20251103,11,7,2,2,1,1,20,8,3,1
"TCKT000021",20250701,20250702,12,3,7,2,3,2,17.33,2,1.2,1
"TCKT000022",20250310,20250310,13,5,2,1,1,1,1.02,48,3.8,0
"TCKT000023",20250130,20250130,7,6,6,4,3,3,2.68,2,1.6,1
"TCKT000024",20250325,20250325,10,2,6,3,3,3,0.54,2,4.5,0
"TCKT000025",20250912,20250915,13,5,7,2,1,3,69.85,48,3.1,1
"TCKT000026",20251009,20251009,14,1,2,2,1,3,1.92,48,2,0
"TCKT000027",20250202,0,8,2,7,3,2,3,,72,,0
"TCKT000028",20250531,20250531,15,6,5,1,1,1,0.55,8,3.9,0
"TCKT000029",20250318,20250318,6,5,5,1,3,1,2.66,24,1.5,0
"TCKT000030",20250810,20250811,13,5,6,4,1,2,10.86,48,3.7,0
"TCKT000031",20250102,20250102,6,5,7,2,3,1,1.14,24,4.8,0
"TCKT000032",20250726,0,15,6,5,1,4,2,,8,,0
"TCKT000033",20250303,20250304,11,7,2,2,3,2,4.41,8,1.7,0
"TCKT000034",20251120,20251123,8,2,8,3,1,2,78.68,72,4,1
"TCKT000035",20251008,0,6,5,6,1,4,2,,24,,0
"TCKT000036",20250408,20250408,16,7,3,3,1,1,1.19,12,1.8,0
"TCKT000037",20250916,20250916,17,4,8,1,1,1,6.27,8,2.8,0
"TCKT000038",20250314,20250315,15,6,3,1,3,1,2.35,8,3.4,0
"TCKT000039",20250325,0,12,3,5,4,6,3,,2,,0
"TCKT000040",20250118,20250119,12,3,1,4,3,2,15.55,2,2.3,1
"TCKT000041",20250802,20250802,11,7,8,3,3,2,9.46,8,1.1,1
"TCKT000042",20251013,0,15,6,5,2,6,3,,8,,0
"TCKT000043",20250925,20250925,18,1,8,4,3,3,0.85,72,4.2,0
"TCKT000044",20250224,20250226,2,2,3,1,1,2,29.93,1,4.8,1
"TCKT000045",20251120,20251120,13,5,8,4,1,1,4.94,48,3.8,0
"TCKT000046",20251127,20251127,4,3,7,4,1,1,3.71,4,4.6,0
"TCKT000047",20250424,20250429,4,3,1,1,1,3,120.2,4,2.2,1
"TCKT000048",20250920,20250922,14,1,8,4,3,1,31.82,48,2.8,0
"TCKT000049",20250707,20250709,14,1,5,1,1,2,48.45,48,4.9,1
"TCKT000050",20251116,20251118,15,6,3,1,1,2,41.08,8,3.9,1
"TCKT000051",20250930,0,15,6,1,2,2,2,,8,,0
"TCKT000052",20250413,0,4,3,3,2,4,2,,4,,0
"TCKT000053",20250402,20250403,4,3,6,4,3,1,19.94,4,4.9,1
"TCKT000054",20250907,20250908,13,5,3,1,1,1,23.64,48,4.7,0
"TCKT000055",20250223,20250223,5,4,5,1,3,2,1.88,4,3.8,0
"TCKT000056",20250507,20250507,6,5,6,4,3,1,4.72,24,4,0
"TCKT000057",20251107,20251108,15,6,3,1,3,2,32.04,8,3.8,1
"TCKT000058",20250513,20250514,7,6,7,2,1,3,28.71,2,2.9,1
"TCKT000059",20250824,20250824,1,1,2,4,3,1,3.96,1,4.9,1
"TCKT000060",20250701,20250701,12,3,7,1,3,2,1.5,2,1.6,0
"TCKT000061",20250805,20250808,8,2,3,1,3,2,51.33,72,2.3,0
"TCKT000062",20250715,0,7,6,7,3,5,1,,2,,0
"TCKT000063",20250901,20250901,14,1,7,3,1,3,1.23,48,2.1,0
"TCKT000064",20250311,20250312,18,1,6,4,3,1,6.6,72,3.4,0
"TCKT000065",20251105,20251107,7,6,2,1,3,3,35.5,2,2.4,1
"TCKT000066",20250402,20250402,8,2,4,2,1,3,2.95,72,2.5,0
"TCKT000067",20250429,20250430,16,7,5,4,3,1,17.01,12,2.8,1
"TCKT000068",20251016,20251016,17,4,4,2,3,3,9.93,8,2.7,1
"TCKT000069",20251018,0,9,7,1,1,6,1,,24,,0
"TCKT000070",20251126,0,4,3,1,3,4,3,,4,,0
"TCKT000071",20250210,20250211,5,4,7,3,3,2,8.13,4,3.3,1
"TCKT000072",20251004,20251004,14,1,5,3,3,3,1.4,48,2.7,0
"TCKT000073",20250111,20250111,2,2,2,1,3,1,3.74,1,5,1
"TCKT000074",20250103,20250103,13,5,7,1,3,1,3.14,48,4.5,0
"TCKT000075",20250928,0,9,7,5,1,4,2,,24,,0
"TCKT000076",20250501,20250501,9,7,7,4,1,1,0.88,24,3.2,0
"TCKT000077",20251028,20251028,14,1,7,1,3,3,3.89,48,1.9,0
"TCKT000078",20250815,20250815,9,7,4,4,3,3,0.61,24,1.3,0
"TCKT000079",20250107,20250107,10,2,6,3,3,2,1.02,2,4.1,0
"TCKT000080",20250509,20250509,1,1,8,2,3,3,2.62,1,4.8,1
"TCKT000081",20250219,0,1,1,3,3,5,3,,1,,0
"TCKT000082",20251117,20251117,9,7,4,2,3,2,3.28,24,1.2,0
"TCKT000083",20250311,20250311,10,2,3,4,1,2,0.73,2,3.9,0
"TCKT000084",20250529,0,1,1,5,3,2,2,,1,,0
"TCKT000085",20250913,20250915,19,6,4,4,1,1,31.42,4,3.2,1
"TCKT000086",20250309,20250310,13,5,1,3,3,1,18.11,48,4.2,0
"TCKT000087",20250328,20250329,15,6,1,2,1,3,29.53,8,2.3,1
"TCKT000088",20251118,20251118,15,6,5,4,3,3,1.92,8,3.2,0
"TCKT000089",20250523,20250523,5,4,7,3,1,1,5.41,4,2.8,1
"TCKT000090",20251109,20251110,3,3,1,2,3,1,11.3,1,3.1,1
"TCKT000091",20250517,20250521,19,6,6,1,3,1,94.58,4,3.1,1
"TCKT000092",20250924,0,18,1,8,2,4,1,,72,,0
"TCKT000093",20251110,20251112,5,4,6,2,1,2,31.57,4,1.9,1
"TCKT000094",20250111,20250111,19,6,2,2,1,2,1.29,4,4.3,0
"TCKT000095",20250411,20250414,14,1,1,4,1,3,79.05,48,4.9,1
"TCKT000096",20250621,0,2,2,3,2,4,3,,1,,0
"TCKT000097",20250914,20250915,17,4,5,2,3,2,3.91,8,3.2,0
"TCKT000098",20250513,20250513,18,1,1,3,1,3,3,72,4.5,0
"TCKT000099",20250920,20250924,19,6,4,2,1,1,87.39,4,1.7,1
"TCKT000100",20250901,20250903,7,6,4,2,1,3,44.75,2,1,1
"TCKT000101",20250807,20250807,3,3,3,2,3,1,6.67,1,2.3,1
"TCKT000102",20251112,20251114,15,6,2,1,3,3,57.88,8,2.1,1
"TCKT000103",20250422,20250425,9,7,8,3,1,3,62.71,24,3,1
"TCKT000104",20250107,20250107,14,1,3,3,1,2,1.81,48,1.6,0
"TCKT000105",20250110,20250110,2,2,6,4,1,3,4.6,1,3.9,1
"TCKT000106",20250830,20250831,13,5,7,1,3,3,18.4,48,4.8,0
"TCKT000107",20250520,20250520,17,4,1,4,3,2,11.89,8,2.7,1
"TCKT000108",20250331,20250401,13,5,1,2,3,1,5.16,48,3.3,0
"TCKT000109",20251030,20251104,14,1,3,3,1,1,124.71,48,3.3,1
"TCKT000110",20250915,0,19,6,3,2,5,1,,4,,0
"TCKT000111",20251015,20251016,1,1,8,1,3,3,7.39,1,3.7,1
"TCKT000112",20250301,20250306,10,2,5,3,1,3,117.73,2,2.4,1
"TCKT000113",20250806,0,12,3,2,1,4,1,,2,,0
"TCKT000114",20250124,0,13,5,5,3,2,2,,48,,0
"TCKT000115",20250204,20250204,2,2,5,3,1,1,1.75,1,3.2,1
"TCKT000116",20250622,20250623,17,4,2,4,1,1,3.54,8,4.3,0
"TCKT000117",20251118,20251121,13,5,3,4,3,1,87.89,48,3.5,1
"TCKT000118",20251115,20251115,9,7,2,3,1,2,0.59,24,2.7,0
"TCKT000119",20251002,20251002,2,2,4,2,3,1,0.91,1,4.7,0
"TCKT000120",20250623,20250623,19,6,2,2,1,2,1.77,4,4.4,0
"TCKT000121",20250306,20250306,7,6,4,3,1,3,2.82,2,2.2,1
"TCKT000122",20250805,0,13,5,4,3,2,1,,48,,0
"TCKT000123",20251007,20251007,18,1,7,1,1,3,1.46,72,3.7,0
"TCKT000124",20250406,0,17,4,8,2,4,3,,8,,0
"TCKT000125",20250831,20250831,2,2,4,2,1,2,1.88,1,3.4,1
"TCKT000126",20250122,20250124,2,2,3,4,1,2,34.38,1,1.2,1
"TCKT000127",20250423,20250423,17,4,6,2,1,2,0.97,8,3.1,0
"TCKT000128",20251018,20251019,16,7,8,4,1,2,12.2,12,4.8,1
"TCKT000129",20250106,20250107,17,4,6,4,1,2,12.04,8,3.3,1
"TCKT000130",20251119,20251119,7,6,6,3,3,1,1.46,2,4.1,0
"TCKT000131",20250707,20250707,15,6,6,3,1,1,1.9,8,3,0
"TCKT000132",20250122,20250124,5,4,4,1,1,1,54.12,4,3.9,1
"TCKT000133",20250618,20250618,7,6,5,4,3,3,2.39,2,1.3,1
"TCKT000134",20250323,20250324,7,6,2,2,1,1,25.05,2,2,1
"TCKT000135",20250406,20250407,10,2,3,2,1,2,20.04,2,1.3,1
"TCKT000136",20250707,20250708,2,2,2,3,3,3,7.95,1,5,1
"TCKT000137",20250203,20250203,16,7,4,2,3,2,3.06,12,4.9,0
"TCKT000138",20250827,20250827,1,1,1,1,3,1,3.36,1,2.9,1
"TCKT000139",20250122,20250122,19,6,5,1,1,2,0.94,4,2.3,0
"TCKT000140",20250511,20250512,4,3,5,1,3,1,6.87,4,3.3,1
"TCKT000141",20250228,20250302,12,3,4,3,3,3,44.08,2,3.1,1
"TCKT000142",20251008,20251014,20,4,7,1,3,1,140.48,12,1.5,1
"TCKT000143",20250728,20250729,8,2,4,1,1,1,37.89,72,2.8,0
"TCKT000144",20250814,20250815,2,2,8,2,1,2,18.89,1,1.3,1
"TCKT000145",20251116,20251116,8,2,7,2,1,1,1.34,72,1,0
"TCKT000146",20251001,20251001,4,3,1,2,1,3,2.81,4,1.9,0
"TCKT000147",20251006,20251006,1,1,3,1,3,2,1.63,1,1.6,1
"TCKT000148",20250724,20250728,6,5,7,3,3,1,91.22,24,1.1,1
"TCKT000149",20250816,20250816,5,4,5,1,3,1,5.66,4,1.7,1
"TCKT000150",20251016,20251018,4,3,4,4,3,2,41.22,4,1,1
"TCKT000151",20250706,20250707,11,7,5,2,1,1,19.87,8,2.6,1
"TCKT000152",20250403,0,11,7,7,4,4,3,,8,,0
"TCKT000153",20250215,20250215,9,7,6,1,3,3,14.82,24,2.8,0
"TCKT000154",20250925,20250925,13,5,8,1,3,1,0.77,48,1.9,0
"TCKT000155",20250804,20250805,19,6,6,2,3,2,37.01,4,1.7,1
"TCKT000156",20250518,20250518,11,7,8,2,3,3,1.98,8,2.3,0
"TCKT000157",20251124,20251124,12,3,2,3,3,3,1.81,2,2.8,0
"TCKT000158",20251021,20251021,7,6,4,3,1,1,11.42,2,4.2,1
"TCKT000159",20250315,20250317,13,5,2,4,3,2,45.87,48,1.1,0
"TCKT000160",20250427,20250427,16,7,8,4,1,3,6.24,12,3.3,0
"TCKT000161",20250414,20250415,16,7,4,4,3,3,1.64,12,3.2,0
"TCKT000162",20250330,20250331,6,5,4,2,1,1,13.13,24,3.7,0
"TCKT000163",20250714,20250716,2,2,4,4,3,1,49.33,1,2.3,1
"TCKT000164",20251112,20251112,12,3,6,4,3,3,11.25,2,2,1
"TCKT000165",20250114,20250117,7,6,6,4,1,3,75.92,2,2.4,1
"TCKT000166",20250227,20250227,15,6,8,2,3,2,6.54,8,4.1,0
"TCKT000167",20250610,0,3,3,4,1,2,3,,1,,0
"TCKT000168",20250608,20250608,20,4,2,4,3,1,0.83,12,2,0
"TCKT000169",20250619,20250619,20,4,6,3,1,2,0.59,12,2.9,0
"TCKT000170",20250717,20250717,7,6,7,4,1,1,0.61,2,2.9,0
"TCKT000171",20251006,20251007,5,4,7,3,1,2,16.42,4,3.7,1
"TCKT000172",20250927,0,8,2,1,4,2,1,,72,,0
"TCKT000173",20250728,20250728,18,1,6,1,1,1,7.69,72,1.5,0
"TCKT000174",20251106,20251106,11,7,7,4,1,1,2.73,8,4.8,0
"TCKT000175",20250810,20250812,5,4,2,1,1,2,43.57,4,2.9,1
"TCKT000176",20250831,20250831,12,3,6,4,1,1,0.59,2,3,0
"TCKT000177",20250504,20250504,15,6,5,2,3,3,2.45,8,2.1,0
"TCKT000178",20251115,20251119,13,5,4,4,1,2,94.03,48,4.3,1
"TCKT000179",20250115,20250116,13,5,5,3,1,2,31.14,48,4.8,0
"TCKT000180",20250325,20250326,2,2,6,1,3,2,3.73,1,4.6,1
"TCKT000181",20251107,20251107,7,6,4,2,1,3,0.72,2,2.1,0
"TCKT000182",20250116,20250116,1,1,1,3,3,2,1.52,1,4.6,1
"TCKT000183",20250516,20250516,19,6,5,4,1,2,1.15,4,4.6,0
"TCKT000184",20250325,20250326,9,7,2,1,1,3,3.89,24,4,0
"TCKT000185",20250212,20250216,3,3,3,1,3,2,90.4,1,3.4,1
"TCKT000186",20250329,0,1,1,2,2,5,1,,1,,0
"TCKT000187",20251031,20251031,9,7,6,1,3,3,1.5,24,2.9,0
"TCKT000188",20250531,20250601,1,1,3,4,3,2,35.02,1,2.4,1
"TCKT000189",20250509,20250509,2,2,7,3,3,3,5.56,1,1.8,1
"TCKT000190",20250811,0,12,3,4,2,5,1,,2,,0
"TCKT000191",20250729,0,16,7,1,3,6,2,,12,,0
"TCKT000192",20251128,20251128,14,1,7,2,1,2,0.83,48,4.6,0
"TCKT000193",20250625,20250625,19,6,8,1,3,3,5.61,4,2.8,1
"TCKT000194",20250201,20250202,8,2,5,1,3,2,17.52,72,2.8,0
"TCKT000195",20250326,0,12,3,5,2,4,3,,2,,0
"TCKT000196",20250731,20250804,9,7,8,3,3,3,86.34,24,2.7,1
"TCKT000197",20250910,20250910,6,5,8,1,1,3,0.59,24,1.5,0
"TCKT000198",20250810,20250810,5,4,6,4,1,2,4.08,4,1.9,1
"TCKT000199",20250825,20250825,6,5,6,1,3,1,2.41,24,1.1,0
"TCKT000200",20250908,20250908,8,2,5,2,3,2,1.23,72,1.1,0
"TCKT000201",20250904,20250905,9,7,1,1,3,3,34.84,24,4.6,1
"TCKT000202",20251004,20251005,19,6,8,4,3,3,35.67,4,2.6,1
"TCKT000203",20250617,0,16,7,5,1,6,1,,12,,0
"TCKT000204",20251014,20251015,19,6,8,1,1,2,5.62,4,4.5,1
"TCKT000205",20250103,20250103,11,7,3,1,1,1,9.87,8,1.4,1
"TCKT000206",20250907,20250907,8,2,6,1,3,3,1.56,72,2.3,0
"TCKT000207",20250724,20250728,8,2,6,4,3,3,85.79,72,1.9,1
"TCKT000208",20251110,20251110,7,6,4,3,1,2,5.49,2,3.1,1
"TCKT000209",20250705,0,3,3,5,3,4,2,,1,,0
"TCKT000210",20250723,20250723,9,7,7,4,3,2,0.59,24,2.9,0
"TCKT000211",20251015,20251015,20,4,6,4,3,1,1.8,12,3.7,0
"TCKT000212",20250719,20250719,8,2,7,4,1,3,3.94,72,2,0
"TCKT000213",20250718,20250718,12,3,4,2,3,2,4.97,2,2,1
"TCKT000214",20250505,20250505,1,1,1,3,3,2,4.54,1,1.2,1
"TCKT000215",20250620,20250620,16,7,3,4,1,1,2.33,12,3.5,0
"TCKT000216",20251003,20251003,5,4,8,2,1,2,0.87,4,2.2,0
"TCKT000217",20250711,20250712,5,4,2,2,1,3,19.12,4,4.5,1
"TCKT000218",20250713,20250713,10,2,5,3,3,3,3.37,2,2.3,1
"TCKT000219",20250819,20250819,1,1,4,2,1,2,2.26,1,4.3,1
"TCKT000220",20250724,20250724,4,3,3,3,3,2,3.85,4,2.4,0
"TCKT000221",20250606,0,10,2,4,3,4,3,,2,,0
"TCKT000222",20250614,20250614,11,7,2,1,1,1,6.54,8,2.7,0
"TCKT000223",20250903,20250903,16,7,5,2,1,2,6.29,12,4.2,0
"TCKT000224",20250726,20250726,7,6,7,3,3,3,0.8,2,3.8,0
"TCKT000225",20250901,20250901,12,3,5,1,1,1,3.94,2,4.6,1
"TCKT000226",20250325,0,12,3,1,4,2,2,,2,,0
"TCKT000227",20251109,20251111,3,3,4,2,1,1,44.2,1,2.1,1
"TCKT000228",20250802,20250802,1,1,5,4,3,2,3.67,1,4.8,1
"TCKT000229",20250605,20250606,6,5,5,4,3,1,7.55,24,2.9,0
"TCKT000230",20251011,20251012,6,5,2,1,1,1,7.18,24,4.9,0
"TCKT000231",20251021,20251023,17,4,6,2,3,3,44.59,8,1.4,1
"TCKT000232",20251119,20251120,17,4,8,2,1,2,20.37,8,3.1,1
"TCKT000233",20251021,0,16,7,8,4,2,2,,12,,0
"TCKT000234",20250907,20250907,10,2,5,4,3,1,0.85,2,4.5,0
"TCKT000235",20250711,0,16,7,1,3,5,2,,12,,0
"TCKT000236",20250321,20250322,4,3,2,2,3,3,30.96,4,1.2,1
"TCKT000237",20250908,20250908,16,7,3,2,3,2,1.53,12,3.6,0
"TCKT000238",20250428,20250428,2,2,3,4,3,1,5.71,1,4.8,1
"TCKT000239",20251118,20251119,18,1,8,3,1,2,6.8,72,4.5,0
"TCKT000240",20250223,20250223,12,3,7,2,1,3,1.74,2,3.6,0
"TCKT000241",20250629,20250630,9,7,1,2,1,1,15.74,24,4.5,0
"TCKT000242",20250530,20250601,13,5,5,1,3,3,66.57,48,1.2,1
"TCKT000243",20250831,20250831,14,1,7,3,1,1,12.65,48,3.9,0
"TCKT000244",20250807,20250807,16,7,8,4,3,2,0.58,12,3.2,0
"TCKT000245",20250129,20250131,16,7,5,3,1,1,60.12,12,2.3,1
"TCKT000246",20251106,20251108,2,2,5,3,1,1,60.45,1,2.5,1
"TCKT000247",20250112,20250112,1,1,2,4,3,2,1.84,1,2.7,1
"TCKT000248",20250727,20250731,2,2,5,3,1,3,98.91,1,4.6,1
"TCKT000249",20250712,20250712,13,5,7,3,1,3,1.04,48,1.6,0
"TCKT000250",20250904,20250904,17,4,4,3,3,2,1.66,8,1.5,0
"TCKT000251",20250819,20250819,10,2,3,3,3,1,5.64,2,4.4,1
"TCKT000252",20250829,20250829,15,6,1,3,3,1,3.06,8,2.8,0
"TCKT000253",20250409,20250409,18,1,3,3,3,3,1.89,72,2.7,0
"TCKT000254",20250610,20250610,8,2,2,2,3,1,0.94,72,3.2,0
"TCKT000255",20250818,20250819,3,3,2,2,1,3,18.45,1,2.1,1
"TCKT000256",20251109,20251111,5,4,6,2,1,1,42.68,4,4,1
"TCKT000257",20250802,20250804,2,2,7,2,1,3,55.15,1,2.6,1
"TCKT000258",20250818,20250818,11,7,3,1,3,2,3.88,8,3.7,0
"TCKT000259",20250902,20250902,10,2,1,3,3,2,1.45,2,5,0
"TCKT000260",20250726,20250727,7,6,5,4,3,2,33.81,2,4.5,1
"TCKT000261",20250223,20250223,8,2,6,1,3,1,3.22,72,3.3,0
"TCKT000262",20250624,20250624,12,3,3,1,3,3,5.58,2,3,1
"TCKT000263",20250929,20250929,8,2,8,1,1,1,1.13,72,2.6,0
"TCKT000264",20250906,20250906,8,2,2,4,3,1,1.4,72,3.9,0
"TCKT000265",20250527,20250530,17,4,1,1,3,2,84.15,8,1.9,1
"TCKT000266",20251123,20251124,2,2,7,4,3,3,19.43,1,2.4,1
"TCKT000267",20250329,20250330,18,1,5,1,1,3,22.07,72,2.1,0
"TCKT000268",20250622,20250627,14,1,4,1,3,3,125.19,48,4,1
"TCKT000269",20250828,20250902,19,6,7,4,1,2,133.27,4,4.6,1
"TCKT000270",20250220,20250221,5,4,7,2,1,1,18.37,4,1.4,1
"TCKT000271",20250225,20250227,16,7,6,1,1,3,45.85,12,3.4,1
"TCKT000272",20250613,20250614,8,2,4,3,1,1,23.38,72,2.6,0
"TCKT000273",20250208,20250208,5,4,8,4,1,2,3.08,4,4.7,0
"TCKT000274",20250706,20250706,17,4,8,1,1,2,4.26,8,1.3,0
"TCKT000275",20250816,20250816,7,6,4,4,1,3,0.65,2,4.9,0
"TCKT000276",20250619,20250619,18,1,3,1,1,2,2.22,72,4.6,0
"TCKT000277",20250824,20250824,15,6,3,2,3,2,2.26,8,3.4,0
"TCKT000278",20250401,20250401,16,7,8,3,3,2,1.16,12,1.5,0
"TCKT000279",20250204,20250204,18,1,2,4,3,3,10.39,72,1.1,0
"TCKT000280",20250531,0,9,7,5,1,5,1,,24,,0
"TCKT000281",20250711,20250712,20,4,6,4,1,3,14.56,12,3.2,1
"TCKT000282",20250807,20250807,16,7,4,2,1,3,1.88,12,4.2,0
"TCKT000283",20250910,20250911,13,5,6,2,1,1,26.06,48,2,0
"TCKT000284",20250126,20250126,18,1,7,4,3,2,1.22,72,2.1,0
"TCKT000285",20250216,20250217,9,7,8,1,1,3,8.29,24,1.8,0
"TCKT000286",20250903,20250903,20,4,7,1,3,1,3.95,12,4.9,0
"TCKT000287",20250116,20250116,5,4,4,3,1,3,7.88,4,1.3,1
"TCKT000288",20250725,20250725,19,6,4,4,3,3,1.52,4,2.6,0
"TCKT000289",20250218,20250220,15,6,7,3,1,1,52.21,8,3.5,1
"TCKT000290",20250824,20250824,9,7,4,3,1,2,6.33,24,3.8,0
"TCKT000291",20250328,20250329,15,6,7,2,1,3,10.9,8,2.6,1
"TCKT000292",20250720,0,10,2,2,2,2,2,,2,,0
"TCKT000293",20250626,20250626,15,6,6,2,1,3,12.62,8,4.2,1
"TCKT000294",20250306,20250307,18,1,8,4,3,1,17.78,72,3.2,0
"TCKT000295",20251020,20251021,14,1,2,3,3,3,26.29,48,2.2,0
"TCKT000296",20251120,20251121,14,1,7,1,1,2,15.21,48,2.2,0
"TCKT000297",20250221,20250221,7,6,7,1,1,2,7.16,2,4.5,1
"TCKT000298",20250227,20250227,15,6,5,3,1,1,5.58,8,3.3,0
"TCKT000299",20250822,20250822,12,3,2,4,1,3,0.76,2,1,0
"TCKT000300",20250112,20250112,19,6,1,1,1,2,2.74,4,3.4,0
"TCKT000301",20250422,20250422,10,2,2,3,1,1,4.06,2,2.2,1
"TCKT000302",20251006,20251007,13,5,7,3,1,2,39.76,48,2.1,0
"TCKT000303",20250216,20250216,15,6,1,4,3,1,7.34,8,4.3,0
"TCKT000304",20250826,20250826,15,6,3,1,3,2,0.63,8,1.1,0
"TCKT000305",20250309,20250310,18,1,8,1,3,2,15.53,72,1.1,0
"TCKT000306",20250528,20250528,4,3,1,4,3,3,6.67,4,3.8,1
"TCKT000307",20250304,20250305,7,6,2,2,3,2,13.95,2,4.3,1
"TCKT000308",20250404,20250405,10,2,6,1,3,1,34.31,2,2.1,1
"TCKT000309",20250815,20250815,11,7,4,4,1,3,2.74,8,2.1,0
"TCKT000310",20251021,20251021,18,1,3,4,3,1,3.22,72,5,0
"TCKT000311",20250421,0,13,5,7,2,5,3,,48,,0
"TCKT000312",20250804,20250804,15,6,2,2,1,1,1.25,8,4.6,0
"TCKT000313",20250508,20250514,16,7,8,1,1,2,139.26,12,3.4,1
"TCKT000314",20251019,20251020,13,5,4,2,1,3,12.84,48,4.1,0
"TCKT000315",20250719,20250720,11,7,4,1,3,3,10.72,8,1.2,1
"TCKT000316",20250124,0,4,3,6,4,6,3,,4,,0
"TCKT000317",20250117,20250117,17,4,3,3,3,1,3.16,8,1.6,0
"TCKT000318",20250920,20250920,3,3,6,3,1,3,3.68,1,3.7,1
"TCKT000319",20250808,0,20,4,4,2,2,1,,12,,0
"TCKT000320",20250127,0,12,3,4,1,4,3,,2,,0
"TCKT000321",20251031,20251031,20,4,2,3,3,2,1.54,12,4.6,0
"TCKT000322",20250324,20250325,18,1,1,3,3,3,14.74,72,3.5,0
"TCKT000323",20250622,20250622,8,2,8,2,1,1,0.58,72,4.5,0
"TCKT000324",20251018,20251018,11,7,8,2,3,3,5.42,8,4.5,0
"TCKT000325",20250103,20250103,11,7,1,3,3,1,1.25,8,3.3,0
"TCKT000326",20250901,0,12,3,7,2,2,2,,2,,0
"TCKT000327",20250102,20250102,12,3,7,1,1,1,1.82,2,3.9,0
"TCKT000328",20250120,20250120,2,2,2,3,3,3,0.69,1,3.6,0
"TCKT000329",20250320,20250320,9,7,8,4,1,3,1.23,24,2.9,0
"TCKT000330",20250415,20250415,7,6,1,4,3,3,12.9,2,1.1,1
"TCKT000331",20251014,0,2,2,1,4,5,2,,1,,0
"TCKT000332",20250617,20250617,2,2,8,1,1,3,2.23,1,4.8,1
"TCKT000333",20250617,20250617,11,7,1,3,1,3,1.22,8,2.3,0
"TCKT000334",20250130,20250203,15,6,2,3,1,2,95.53,8,3.2,1
"TCKT000335",20250522,20250523,1,1,7,4,3,1,20.7,1,1,1
"TCKT000336",20250417,20250417,9,7,7,1,1,1,0.6,24,4.1,0
"TCKT000337",20250531,20250531,2,2,4,1,1,3,3.91,1,4.5,1
"TCKT000338",20250810,0,7,6,5,3,5,2,,2,,0
"TCKT000339",20250226,0,9,7,6,4,2,3,,24,,0
"TCKT000340",20250212,20250212,7,6,3,3,1,2,0.73,2,3.8,0
"TCKT000341",20251022,20251025,18,1,3,2,3,2,68.57,72,4.7,0
"TCKT000342",20250708,20250708,7,6,1,1,1,1,1.04,2,2,0
"TCKT000343",20250824,20250824,10,2,7,1,3,1,0.67,2,1.9,0
"TCKT000344",20250811,20250812,2,2,7,2,1,2,10.4,1,2.6,1
"TCKT000345",20250830,20250831,10,2,1,2,3,2,6.47,2,4.8,1
"TCKT000346",20250321,0,5,4,4,3,4,1,,4,,0
"TCKT000347",20251102,20251104,8,2,7,3,3,2,28.22,72,3.9,0
"TCKT000348",20250416,20250416,12,3,4,4,3,2,1.38,2,1.5,0
"TCKT000349",20250405,20250405,9,7,5,2,1,1,7.81,24,4.8,0
"TCKT000350",20250219,0,8,2,7,4,2,3,,72,,0
"TCKT000351",20250227,20250227,19,6,8,2,1,1,6,4,1.5,1
"TCKT000352",20250812,20250812,12,3,5,1,1,3,1.46,2,3.1,0
"TCKT000353",20250204,20250208,4,3,4,1,3,3,90.41,4,1.8,1
"TCKT000354",20251102,20251103,7,6,2,2,1,1,19.25,2,3.5,1
"TCKT000355",20251111,20251111,11,7,3,1,1,2,1.42,8,1.5,0
"TCKT000356",20250706,20250706,14,1,3,2,3,1,20.96,48,1.6,0
"TCKT000357",20250715,20250715,2,2,4,4,1,1,7.58,1,1.7,1
"TCKT000358",20250618,20250619,12,3,3,4,1,3,20.76,2,2.5,1
"TCKT000359",20250915,20250915,10,2,2,1,3,3,5.53,2,1.9,1
"TCKT000360",20250915,20250916,18,1,4,2,3,1,22.29,72,2.9,0
"TCKT000361",20250415,20250415,15,6,7,3,3,3,4.92,8,2.8,0
"TCKT000362",20250103,20250103,20,4,6,3,3,3,3.36,12,1.3,0
"TCKT000363",20250323,20250323,9,7,4,2,3,2,0.95,24,2.6,0
"TCKT000364",20250730,0,2,2,3,3,5,1,,1,,0
"TCKT000365",20250928,0,11,7,6,4,2,1,,8,,0
"TCKT000366",20250125,20250125,12,3,2,1,1,1,2.02,2,3.3,1
"TCKT000367",20250117,20250117,9,7,4,1,1,2,0.73,24,3.1,0
"TCKT000368",20251113,20251113,17,4,8,1,3,1,3.94,8,2.8,0
"TCKT000369",20250711,20250711,10,2,5,2,3,1,8.6,2,1.7,1
"TCKT000370",20250510,20250510,8,2,4,1,1,1,11.16,72,1.3,0
"TCKT000371",20250809,20250809,7,6,6,3,3,3,1.28,2,3.4,0
"TCKT000372",20250316,20250317,15,6,1,3,1,3,38.3,8,2.3,1
"TCKT000373",20250717,20250718,3,3,4,2,1,2,15.81,1,4.6,1
"TCKT000374",20250427,20250501,1,1,7,2,1,1,85.29,1,3.4,1
"TCKT000375",20250218,0,20,4,3,2,4,3,,12,,0
"TCKT000376",20250708,20250711,7,6,6,3,1,2,74.76,2,4.8,1
"TCKT000377",20250621,20250621,14,1,2,2,1,3,1.42,48,1.3,0
"TCKT000378",20250704,20250705,14,1,6,3,3,1,22.35,48,4.3,0
"TCKT000379",20250607,20250608,13,5,5,3,1,3,9.26,48,1.1,0
"TCKT000380",20250310,0,2,2,2,2,6,3,,1,,0
"TCKT000381",20250726,20250726,7,6,5,4,1,2,0.55,2,2.2,0
"TCKT000382",20250927,20250927,13,5,3,2,1,1,2.95,48,4.1,0
"TCKT000383",20251102,20251103,14,1,5,4,3,2,12.79,48,3,0
"TCKT000384",20250417,20250421,16,7,2,1,1,3,104.66,12,4.1,1
"TCKT000385",20250912,20250913,2,2,4,1,1,2,12.57,1,3.6,1
"TCKT000386",20250313,20250313,13,5,2,1,3,2,7.97,48,4.2,0
"TCKT000387",20251115,20251121,7,6,5,4,1,1,139.87,2,2.4,1
"TCKT000388",20250927,20250929,19,6,4,1,1,1,30.31,4,2.5,1
"TCKT000389",20251113,20251114,7,6,8,4,3,3,5.32,2,4,1
"TCKT000390",20250927,0,16,7,4,3,6,2,,12,,0
"TCKT000391",20250316,0,11,7,7,1,4,3,,8,,0
"TCKT000392",20250519,20250519,16,7,4,2,3,3,1.31,12,3.6,0
"TCKT000393",20251015,20251018,18,1,4,4,3,2,85.15,72,4.7,1
"TCKT000394",20251106,20251109,10,2,5,3,1,1,81.42,2,1,1
"TCKT000395",20251129,20251130,14,1,8,2,1,2,11.16,48,4.6,0
"TCKT000396",20251107,20251108,8,2,5,3,3,2,16.13,72,3.7,0
"TCKT000397",20250401,20250403,19,6,2,4,1,1,43.66,4,3,1
"TCKT000398",20250321,0,15,6,7,1,4,1,,8,,0
"TCKT000399",20250814,20250815,1,1,4,1,1,2,20.65,1,4.8,1
"TCKT000400",20250419,20250419,7,6,1,4,1,3,6.12,2,2.7,1
"TCKT000401",20250101,20250101,6,5,1,1,1,3,4.83,24,1.8,0
"TCKT000402",20251008,20251008,14,1,7,3,1,2,5.49,48,4.1,0
"TCKT000403",20250301,20250302,19,6,7,4,1,3,21.41,4,4.8,1
"TCKT000404",20250225,20250225,16,7,8,3,1,1,7.52,12,1.3,0
"TCKT000405",20250525,20250526,5,4,6,2,3,2,26.31,4,2.1,1
"TCKT000406",20250615,20250615,18,1,4,3,1,1,1.72,72,2.5,0
"TCKT000407",20250414,20250414,7,6,1,1,3,2,3.05,2,1.4,1
"TCKT000408",20250629,20250630,14,1,6,3,3,1,30.9,48,3.4,0
"TCKT000409",20251012,0,2,2,4,1,5,3,,1,,0
"TCKT000410",20250626,20250626,16,7,7,2,3,2,3.13,12,3,0
"TCKT000411",20250730,20250801,8,2,1,3,3,2,33.66,72,4.7,0
"TCKT000412",20251104,20251105,13,5,1,1,1,2,5.07,48,4.9,0
"TCKT000413",20250323,20250323,4,3,3,1,3,3,2.98,4,4.3,0
"TCKT000414",20250808,20250809,16,7,1,2,3,2,12.34,12,3.8,1
"TCKT000415",20250929,20251001,3,3,6,3,1,1,53.05,1,2.5,1
"TCKT000416",20251010,20251010,11,7,3,4,3,3,3.22,8,3.8,0
"TCKT000417",20250828,20250828,20,4,3,3,1,1,2.7,12,4.6,0
"TCKT000418",20250326,20250329,17,4,4,1,3,1,61.29,8,4.8,1
"TCKT000419",20250303,20250303,9,7,6,4,3,2,5.07,24,5,0
"TCKT000420",20250630,20250630,2,2,1,3,3,2,5.42,1,4.6,1
"TCKT000421",20250218,0,3,3,3,4,4,3,,1,,0
"TCKT000422",20250910,20250910,15,6,7,4,3,3,11.64,8,5,1
"TCKT000423",20250323,20250324,15,6,3,2,1,3,22.12,8,4,1
"TCKT000424",20250607,20250607,10,2,8,3,3,3,3.47,2,1.2,1
"TCKT000425",20250312,20250312,1,1,7,1,1,1,1.91,1,2.5,1
"TCKT000426",20250629,20250630,7,6,6,3,1,2,1.8,2,2.2,0
"TCKT000427",20250419,20250419,12,3,2,1,1,1,5.17,2,1.4,1
"TCKT000428",20250620,20250623,11,7,8,3,3,3,76.24,8,2.2,1
"TCKT000429",20250815,20250815,19,6,1,3,3,3,1.37,4,2.9,0
"TCKT000430",20250117,20250117,2,2,6,2,3,3,1.01,1,1.3,1
"TCKT000431",20251102,20251102,20,4,6,4,3,2,2.64,12,2.1,0
"TCKT000432",20251020,0,11,7,8,2,4,1,,8,,0
"TCKT000433",20250801,20250802,10,2,3,1,1,1,23.22,2,3.1,1
"TCKT000434",20250712,20250713,7,6,6,2,3,3,1.82,2,2.4,0
"TCKT000435",20250321,20250324,1,1,7,3,1,3,57.84,1,1.2,1
"TCKT000436",20250617,20250622,5,4,8,3,1,1,114.27,4,4.7,1
"TCKT000437",20250516,20250516,5,4,7,3,1,1,1.2,4,1.3,0
"TCKT000438",20251120,20251120,4,3,7,4,3,1,3.41,4,2.6,0
"TCKT000439",20250816,20250817,19,6,7,3,1,1,28.52,4,1.1,1
"TCKT000440",20251113,20251113,8,2,7,1,3,3,3.74,72,2.7,0
"TCKT000441",20251113,20251113,6,5,8,4,1,1,13.75,24,2,0
"TCKT000442",20250418,20250418,11,7,5,4,3,3,4.08,8,1.1,0
"TCKT000443",20250421,20250425,1,1,6,2,1,3,101.93,1,3.6,1
"TCKT000444",20250304,20250305,12,3,3,2,1,3,21.52,2,1.3,1
"TCKT000445",20250222,20250222,19,6,5,3,3,1,8.99,4,2.8,1
"TCKT000446",20250508,20250508,6,5,6,4,1,1,10.64,24,2.7,0
"TCKT000447",20250319,20250319,6,5,3,2,1,3,7.51,24,2.3,0
"TCKT000448",20250702,20250703,6,5,1,4,3,1,18.38,24,3.1,0
"TCKT000449",20250620,20250620,5,4,2,4,1,3,1.42,4,2.2,0
"TCKT000450",20250218,20250218,16,7,7,3,1,2,4.25,12,3.2,0
"TCKT000451",20250227,20250228,8,2,6,3,3,1,10.76,72,1.5,0
"TCKT000452",20250520,20250520,16,7,8,1,3,3,1.24,12,3.5,0
"TCKT000453",20250913,20250914,4,3,7,4,3,1,37.49,4,4.1,1
"TCKT000454",20250620,20250625,15,6,3,1,1,1,133.89,8,1,1
"TCKT000455",20250619,20250620,17,4,7,4,3,1,34.56,8,1.8,1
"TCKT000456",20250514,20250514,18,1,6,2,1,1,5.35,72,2.1,0
"TCKT000457",20250317,0,1,1,5,2,5,1,,1,,0
"TCKT000458",20250214,20250219,3,3,4,3,3,1,117.33,1,2.6,1
"TCKT000459",20250509,20250509,4,3,7,3,1,2,2.54,4,4.6,0
"TCKT000460",20251004,20251004,7,6,2,1,3,1,16.59,2,2,1
"TCKT000461",20250225,20250225,18,1,6,1,3,3,1.76,72,3.3,0
"TCKT000462",20250620,20250620,7,6,5,4,3,3,1.65,2,1.3,0
"TCKT000463",20250614,20250616,15,6,4,4,3,3,40.49,8,3.7,1
"TCKT000464",20250426,20250501,19,6,3,1,1,1,110.07,4,4.4,1
"TCKT000465",20250125,20250125,5,4,4,3,1,1,1.95,4,3.5,0
"TCKT000466",20250425,20250425,7,6,1,3,3,3,4.3,2,2.8,1
"TCKT000467",20250318,20250319,19,6,6,4,1,3,39.02,4,1.2,1
"TCKT000468",20251111,20251112,11,7,1,1,1,3,5.13,8,1.5,0
"TCKT000469",20250521,20250522,13,5,2,2,3,2,28.09,48,2.9,0
"TCKT000470",20250502,20250506,6,5,7,2,3,1,93.43,24,1.6,1
"TCKT000471",20250417,20250417,3,3,4,4,3,2,0.93,1,2.5,0
"TCKT000472",20251117,20251120,3,3,2,3,1,2,65.17,1,1.9,1
"TCKT000473",20250218,20250218,4,3,1,2,1,2,15.72,4,4.8,1
"TCKT000474",20250307,20250307,4,3,3,1,3,2,4.89,4,4.2,1
"TCKT000475",20251013,20251013,5,4,5,4,1,1,1.87,4,2.1,0
"TCKT000476",20251120,20251120,10,2,4,3,3,3,1.71,2,3.6,0
"TCKT000477",20251021,20251021,10,2,1,4,3,1,2.3,2,3.7,1
"TCKT000478",20251022,0,16,7,1,2,2,1,,12,,0
"TCKT000479",20250910,0,10,2,8,2,4,1,,2,,0
"TCKT000480",20251029,20251030,2,2,4,2,1,3,18.02,1,2.6,1
"TCKT000481",20250531,20250606,5,4,1,1,3,1,130.39,4,1,1
"TCKT000482",20250324,20250324,5,4,2,2,3,3,6.09,4,2.6,1
"TCKT000483",20250210,20250213,20,4,1,3,1,2,83.46,12,2.6,1
"TCKT000484",20250711,20250712,8,2,4,2,3,1,7.22,72,3.9,0
"TCKT000485",20250414,20250415,8,2,8,2,3,2,9.8,72,2.5,0
"TCKT000486",20250805,20250805,10,2,6,1,1,3,2.58,2,1,1
"TCKT000487",20250624,20250625,8,2,1,4,1,1,6.54,72,1.8,0
"TCKT000488",20250217,0,13,5,5,3,6,3,,48,,0
"TCKT000489",20250531,20250604,6,5,8,1,3,3,106.78,24,2.2,1
"TCKT000490",20250301,20250301,14,1,7,2,3,1,1.05,48,2.8,0
"TCKT000491",20250210,20250211,5,4,1,3,3,1,10.67,4,1.1,1
"TCKT000492",20250531,20250531,18,1,6,2,1,2,4.26,72,1.1,0
"TCKT000493",20251108,20251108,7,6,3,4,1,3,0.72,2,1.8,0
"TCKT000494",20250802,20250803,14,1,2,3,3,2,40.34,48,2.6,0
"TCKT000495",20250211,0,6,5,5,2,6,1,,24,,0
"TCKT000496",20250125,20250130,1,1,2,4,1,3,135.58,1,2.1,1
"TCKT000497",20250520,20250520,17,4,3,2,3,2,11.42,8,4.8,1
"TCKT000498",20250404,20250404,11,7,6,3,3,2,2.12,8,2,0
"TCKT000499",20250723,20250729,19,6,7,1,1,2,136.79,4,3.7,1
"TCKT000500",20251129,20251130,19,6,8,4,1,1,5.78,4,4.3,1
"TCKT000501",20250825,20250826,16,7,1,4,1,3,3.6,12,4.2,0
"TCKT000502",20250404,20250404,3,3,7,2,3,3,2.64,1,2.2,1
"TCKT000503",20250623,20250624,16,7,6,1,1,1,37.83,12,4.5,1
"TCKT000504",20250911,20250911,19,6,7,3,3,3,5.97,4,3.1,1
"TCKT000505",20250114,20250114,7,6,1,2,1,2,14.4,2,3.4,1
"TCKT000506",20250227,20250227,3,3,5,1,3,3,1.66,1,3.7,1
"TCKT000507",20250427,20250427,12,3,3,3,3,2,0.78,2,2.3,0
"TCKT000508",20250323,20250323,15,6,3,1,1,3,5.08,8,1.1,0
"TCKT000509",20251013,0,18,1,6,4,4,1,,72,,0
"TCKT000510",20250524,20250526,19,6,7,4,1,2,37.8,4,2.9,1
"TCKT000511",20251108,20251108,16,7,3,2,3,3,6.95,12,3.6,0
"TCKT000512",20251109,0,14,1,1,1,2,3,,48,,0
"TCKT000513",20250814,20250818,11,7,4,3,1,1,98.66,8,4.4,1
"TCKT000514",20250628,20250628,2,2,4,4,1,3,10.23,1,3.6,1
"TCKT000515",20250822,0,12,3,6,3,6,3,,2,,0
"TCKT000516",20250921,20250922,17,4,1,3,3,2,26.69,8,2.7,1
"TCKT000517",20250311,0,4,3,3,3,5,2,,4,,0
"TCKT000518",20250922,20250923,6,5,5,3,3,2,16.49,24,4.3,0
"TCKT000519",20250905,20250906,9,7,1,4,3,3,21.07,24,3.3,0
"TCKT000520",20251127,20251201,3,3,1,2,1,2,99.05,1,2.3,1
"TCKT000521",20250220,0,7,6,6,1,5,1,,2,,0
"TCKT000522",20250821,20250822,11,7,6,1,3,3,4.77,8,2.6,0
"TCKT000523",20251029,20251031,3,3,7,3,3,3,62.34,1,3.2,1
"TCKT000524",20250821,20250821,1,1,6,2,1,3,2.91,1,2,1
"TCKT000525",20251025,20251025,10,2,2,4,1,3,2.11,2,2.3,1
"TCKT000526",20250130,20250131,20,4,5,2,1,1,7.5,12,2.9,0
"TCKT000527",20250505,20250506,20,4,8,3,1,2,9.55,12,1.4,0
"TCKT000528",20250726,20250726,4,3,6,3,1,1,1.5,4,3.1,0
"TCKT000529",20250103,20250107,1,1,2,2,1,3,94.58,1,1.5,1
"TCKT000530",20250321,20250321,11,7,1,1,1,1,0.75,8,3.8,0
"TCKT000531",20250906,20250908,11,7,1,2,1,1,37.79,8,2.8,1
"TCKT000532",20250423,20250424,9,7,2,3,3,3,15.49,24,3.9,0
"TCKT000533",20250315,20250315,2,2,1,3,3,2,5.49,1,1.7,1
"TCKT000534",20250507,20250507,3,3,4,3,3,2,0.55,1,1.7,0
"TCKT000535",20250702,20250702,3,3,2,3,3,3,8.78,1,3.5,1
"TCKT000536",20250209,20250210,17,4,8,4,1,1,39.07,8,2.6,1
"TCKT000537",20250502,20250502,3,3,8,1,1,1,1.87,1,3.9,1
"TCKT000538",20250317,20250318,3,3,1,1,3,2,18.13,1,4.1,1
"TCKT000539",20250227,20250227,13,5,4,4,1,3,1.39,48,4.1,0
"TCKT000540",20250601,20250602,18,1,3,1,3,2,30.7,72,2.4,0
"TCKT000541",20251008,20251013,14,1,7,3,1,1,130.59,48,4.5,1
"TCKT000542",20250523,20250524,19,6,1,1,3,3,11.65,4,3,1
"TCKT000543",20250810,20250810,16,7,1,3,1,1,13.96,12,4.7,1
"TCKT000544",20250610,20250611,12,3,7,1,3,1,25.8,2,1.4,1
"TCKT000545",20250824,20250824,6,5,1,3,1,2,2.18,24,3,0
"TCKT000546",20250825,20250831,7,6,3,3,3,2,141.66,2,1.7,1
"TCKT000547",20250103,20250104,9,7,5,1,3,3,15.61,24,2.2,0
"TCKT000548",20250404,20250405,12,3,1,2,3,3,20.45,2,3.7,1
"TCKT000549",20250404,20250404,8,2,8,1,3,3,18.6,72,1.2,0
"TCKT000550",20250321,20250321,10,2,5,2,1,2,7.45,2,3.5,1
"TCKT000551",20250108,20250108,16,7,4,2,3,3,1.05,12,1.6,0
"TCKT000552",20251123,0,9,7,1,2,2,2,,24,,0
"TCKT000553",20250703,20250703,4,3,1,1,3,2,3.75,4,4.6,0
"TCKT000554",20251130,20251201,1,1,6,1,3,1,7.81,1,1.2,1
"TCKT000555",20250411,20250415,4,3,6,1,3,3,87.18,4,3.4,1
"TCKT000556",20250109,20250109,5,4,8,4,1,2,0.98,4,3.2,0
"TCKT000557",20250120,0,5,4,4,3,2,1,,4,,0
"TCKT000558",20250609,20250610,1,1,8,1,3,1,2.8,1,4.8,1
"TCKT000559",20251017,20251017,1,1,1,1,3,3,3.6,1,2.4,1
"TCKT000560",20250222,20250223,7,6,2,1,1,2,1.32,2,2.5,0
"TCKT000561",20250803,20250804,20,4,6,4,1,3,22.13,12,3.2,1
"TCKT000562",20250204,20250204,18,1,4,2,3,1,0.88,72,3.8,0
"TCKT000563",20250621,20250623,17,4,6,1,1,1,39.88,8,2.4,1
"TCKT000564",20251114,20251117,4,3,7,1,3,2,80.4,4,3.5,1
"TCKT000565",20251012,20251012,5,4,1,2,1,1,1.45,4,3.7,0
"TCKT000566",20251010,20251010,7,6,1,1,1,2,6.26,2,2.1,1
"TCKT000567",20250628,0,16,7,8,1,5,2,,12,,0
"TCKT000568",20250409,20250409,18,1,2,2,1,2,1.55,72,1.3,0
"TCKT000569",20250707,20250707,7,6,1,4,3,3,1.22,2,2.7,0
"TCKT000570",20250215,20250215,11,7,6,3,1,1,1.09,8,1.9,0
"TCKT000571",20250602,20250602,9,7,7,4,1,2,2.31,24,1.4,0
"TCKT000572",20250201,20250202,19,6,8,4,1,1,13.84,4,3.1,1
"TCKT000573",20250129,20250131,11,7,4,1,1,3,39.26,8,2.2,1
"TCKT000574",20250415,20250420,4,3,5,3,1,1,116.55,4,2.6,1
"TCKT000575",20250415,20250418,5,4,1,1,1,3,64.65,4,2.3,1
"TCKT000576",20250204,20250204,11,7,7,1,3,3,2.34,8,3.1,0
"TCKT000577",20250906,20250912,7,6,1,3,1,2,134.71,2,3.1,1
"TCKT000578",20250215,20250215,10,2,6,2,1,1,1.82,2,2.3,0
"TCKT000579",20250220,20250223,7,6,3,1,1,1,64.2,2,1.3,1
"TCKT000580",20250413,20250416,1,1,7,4,3,2,64.13,1,3.9,1
"TCKT000581",20251023,20251023,3,3,7,2,3,3,1.3,1,2.3,1
"TCKT000582",20250409,20250409,7,6,2,3,1,2,2.28,2,2.4,1
"TCKT000583",20250521,20250522,13,5,8,2,3,3,23.78,48,4.7,0
"TCKT000584",20250211,0,11,7,8,4,5,2,,8,,0
"TCKT000585",20250821,20250823,14,1,3,3,1,2,37.73,48,1.6,0
"TCKT000586",20250211,20250212,20,4,8,3,1,1,12.4,12,3.6,1
"TCKT000587",20250508,20250509,19,6,1,1,3,3,11.1,4,3.4,1
"TCKT000588",20250104,20250105,5,4,3,1,3,2,5.04,4,1,1
"TCKT000589",20250525,0,8,2,6,1,2,2,,72,,0
"TCKT000590",20250818,0,8,2,8,1,4,2,,72,,0
"TCKT000591",20250307,0,12,3,7,3,2,1,,2,,0
"TCKT000592",20250928,0,16,7,3,1,5,3,,12,,0
"TCKT000593",20250411,20250411,4,3,8,4,3,2,1.5,4,3.1,0
"TCKT000594",20250404,20250406,12,3,4,2,3,1,27.64,2,4.2,1
"TCKT000595",20250508,20250509,9,7,6,3,3,1,29.02,24,2.5,1
"TCKT000596",20250814,20250815,7,6,1,1,3,1,27.14,2,2.6,1
"TCKT000597",20250420,20250425,13,5,5,3,1,1,104.14,48,3.8,1
"TCKT000598",20250928,20250928,10,2,1,2,3,2,1.01,2,4.3,0
"TCKT000599",20250209,20250211,6,5,3,2,3,1,44.69,24,1.7,1
"TCKT000600",20250206,20250206,8,2,1,2,3,1,3.47,72,3.5,0
"TCKT000601",20250610,20250610,13,5,3,3,3,2,8.91,48,1.5,0
"TCKT000602",20250309,20250310,8,2,3,1,1,2,4.54,72,1.6,0
"TCKT000603",20250213,20250213,2,2,7,3,3,3,8.86,1,3.4,1
"TCKT000604",20251031,20251102,14,1,5,1,1,3,52.85,48,1.6,1
"TCKT000605",20250302,20250303,18,1,3,4,1,3,2.16,72,2.8,0
"TCKT000606",20250723,20250729,11,7,5,4,3,1,130.4,8,4.1,1
"TCKT000607",20250116,20250117,12,3,6,1,1,1,15.58,2,2.9,1
"TCKT000608",20250215,20250215,5,4,2,2,1,1,7.23,4,3.5,1
"TCKT000609",20250302,20250303,15,6,4,4,3,1,24.58,8,4,1
"TCKT000610",20250417,20250417,19,6,7,4,3,3,1.99,4,4,0
"TCKT000611",20251128,20251128,3,3,7,2,1,1,2.08,1,2.4,1
"TCKT000612",20250819,20250819,6,5,1,2,1,2,11.71,24,4.6,0
"TCKT000613",20250616,20250616,12,3,2,1,1,3,2.13,2,2,1
"TCKT000614",20250802,0,2,2,2,3,6,2,,1,,0
"TCKT000615",20250505,20250509,19,6,5,1,3,2,92.59,4,3.7,1
"TCKT000616",20250715,20250715,5,4,3,1,3,2,0.73,4,1.9,0
"TCKT000617",20250817,20250818,14,1,7,3,1,3,10.54,48,4.9,0
"TCKT000618",20250324,20250325,3,3,4,1,1,3,26.98,1,4.5,1
"TCKT000619",20250914,20250914,17,4,4,2,3,2,11.16,8,2.2,1
"TCKT000620",20250530,20250530,8,2,5,4,1,1,1.76,72,2.3,0
"TCKT000621",20250807,20250808,17,4,3,1,1,2,13.36,8,4.3,1
"TCKT000622",20250120,20250121,7,6,7,3,1,2,34.18,2,1.7,1
"TCKT000623",20250327,20250327,14,1,7,4,3,2,0.67,48,2.6,0
"TCKT000624",20250322,20250327,17,4,7,4,1,1,131.82,8,3.2,1
"TCKT000625",20250327,20250327,11,7,7,3,1,3,13.42,8,3.3,1
"TCKT000626",20250217,20250219,9,7,7,2,1,1,45.74,24,3.7,1
"TCKT000627",20250410,20250411,18,1,6,1,3,1,41.84,72,1.3,0
"TCKT000628",20250503,20250504,8,2,2,2,1,3,6.56,72,4.4,0
"TCKT000629",20250110,20250110,16,7,1,2,3,3,3.91,12,3,0
"TCKT000630",20250228,20250301,19,6,7,4,1,2,10.69,4,3,1
"TCKT000631",20251030,20251030,17,4,7,3,3,3,3.27,8,1.8,0
"TCKT000632",20250812,20250813,6,5,1,3,3,1,1.78,24,2.8,0
"TCKT000633",20250331,20250331,17,4,1,1,1,2,14.81,8,4.5,1
"TCKT000634",20250910,20250910,12,3,2,4,1,1,12.12,2,1.7,1
"TCKT000635",20250730,20250730,1,1,4,3,3,2,0.85,1,2.1,0
"TCKT000636",20250621,20250625,4,3,7,3,1,2,98.91,4,1.9,1
"TCKT000637",20250423,20250425,3,3,4,3,3,1,49.04,1,4.1,1
"TCKT000638",20250311,20250314,14,1,7,1,3,2,79.39,48,2.3,1
"TCKT000639",20250131,20250131,1,1,5,2,3,1,1.49,1,2,1
"TCKT000640",20250512,20250512,10,2,6,1,1,3,3.44,2,4.6,1
"TCKT000641",20250610,20250611,16,7,7,4,3,2,26.74,12,4.7,1
"TCKT000642",20250117,20250118,19,6,7,4,3,2,20.36,4,2.3,1
"TCKT000643",20250503,20250504,7,6,5,4,1,2,12.78,2,4.5,1
"TCKT000644",20250713,20250713,11,7,6,2,3,3,2.79,8,4.4,0
"TCKT000645",20251024,20251024,17,4,4,2,3,1,2.37,8,2.4,0
"TCKT000646",20250130,20250130,7,6,3,4,1,2,2.08,2,3.8,1
"TCKT000647",20250604,20250605,6,5,7,1,1,3,1.71,24,4.3,0
"TCKT000648",20250507,20250507,18,1,7,2,1,2,1.71,72,4,0
"TCKT000649",20250205,20250205,9,7,3,1,1,3,2.73,24,1.7,0
"TCKT000650",20250920,0,16,7,4,1,5,1,,12,,0
"TCKT000651",20250709,20250709,12,3,3,3,1,3,1.86,2,5,0
"TCKT000652",20250824,20250824,18,1,3,3,3,1,1.32,72,3.7,0
"TCKT000653",20250327,20250331,11,7,8,2,1,3,95.57,8,2.4,1
"TCKT000654",20251106,20251106,7,6,6,2,1,3,1.98,2,3.3,0
"TCKT000655",20250113,20250113,15,6,6,3,3,1,0.68,8,4.2,0
"TCKT000656",20250502,20250502,2,2,1,4,1,2,7.48,1,3.4,1
"TCKT000657",20250517,20250517,11,7,7,3,3,1,4.87,8,1.3,0
"TCKT000658",20250719,20250720,1,1,3,4,3,2,23.05,1,4.7,1
"TCKT000659",20250205,20250206,5,4,2,1,1,3,15.57,4,2.8,1
"TCKT000660",20251005,20251009,18,1,7,1,3,2,76.41,72,2.2,1
"TCKT000661",20251126,20251128,15,6,6,3,1,2,48.36,8,3.2,1
"TCKT000662",20250201,0,8,2,2,4,2,1,,72,,0
"TCKT000663",20250403,20250406,12,3,6,1,3,1,71.2,2,3.8,1
"TCKT000664",20250903,20250904,17,4,4,4,1,2,23.52,8,3.2,1
"TCKT000665",20250917,20250922,2,2,7,2,3,3,135.5,1,3.6,1
"TCKT000666",20250804,20250804,4,3,8,2,1,2,2.71,4,3,0
"TCKT000667",20250524,20250527,6,5,4,1,1,3,87.46,24,1.4,1
"TCKT000668",20250129,20250129,7,6,5,3,3,3,15.77,2,5,1
"TCKT000669",20250221,20250222,20,4,4,3,3,1,33.54,12,2.7,1
"TCKT000670",20250717,20250717,15,6,5,2,3,1,1.23,8,1.2,0
"TCKT000671",20251119,20251119,13,5,1,4,1,1,1.67,48,1.5,0
"TCKT000672",20250920,20250920,2,2,5,1,3,1,3.81,1,3.7,1
"TCKT000673",20251029,20251029,6,5,3,2,3,1,7.16,24,1,0
"TCKT000674",20251116,20251118,18,1,8,2,1,3,42.99,72,3.6,0
"TCKT000675",20251110,20251113,16,7,5,3,3,2,69.31,12,3.2,1
"TCKT000676",20250929,0,1,1,1,2,4,2,,1,,0
"TCKT000677",20250112,20250113,3,3,3,3,3,3,15.32,1,4.3,1
"TCKT000678",20250118,20250118,1,1,3,4,3,3,2.75,1,2,1
"TCKT000679",20250215,20250215,11,7,2,3,1,1,9.24,8,1.3,1
"TCKT000680",20250430,20250430,19,6,2,2,1,1,0.86,4,1,0
"TCKT000681",20251005,20251006,2,2,3,2,1,1,3.09,1,1.5,1
"TCKT000682",20250821,0,11,7,2,4,6,1,,8,,0
"TCKT000683",20250220,20250220,11,7,3,2,3,2,12.99,8,4.8,1
"TCKT000684",20250226,20250301,7,6,4,1,3,1,87.29,2,1.2,1
"TCKT000685",20250820,20250820,18,1,2,4,3,2,1.13,72,5,0
"TCKT000686",20250731,20250802,4,3,5,4,1,3,46.6,4,4,1
"TCKT000687",20250522,20250522,20,4,5,3,1,2,7.73,12,2.3,0
"TCKT000688",20250423,0,13,5,8,2,6,3,,48,,0
"TCKT000689",20250525,20250525,13,5,5,4,3,1,0.6,48,3.9,0
"TCKT000690",20250917,0,15,6,5,2,6,1,,8,,0
"TCKT000691",20250901,20250901,5,4,1,4,3,3,1.31,4,3.1,0
"TCKT000692",20251025,0,19,6,1,3,2,1,,4,,0
"TCKT000693",20250415,20250417,11,7,7,2,3,1,37.68,8,4.6,1
"TCKT000694",20250924,20250928,17,4,5,2,3,1,95.12,8,4.7,1
"TCKT000695",20250710,20250712,6,5,5,1,3,2,38.66,24,1.5,1
"TCKT000696",20251119,20251119,20,4,1,2,3,1,14.4,12,2.7,1
"TCKT000697",20250511,20250511,14,1,2,4,3,3,2.39,48,5,0
"TCKT000698",20250623,20250623,19,6,4,1,1,2,15.69,4,1.3,1
"TCKT000699",20250928,20250929,16,7,6,3,3,3,1.56,12,4,0
"TCKT000700",20250715,20250716,10,2,6,1,3,2,13.91,2,1.9,1
"TCKT000701",20251028,20251030,17,4,3,4,1,2,32.94,8,1.9,1
"TCKT000702",20250206,0,15,6,5,2,5,1,,8,,0
"TCKT000703",20250122,20250122,9,7,2,4,1,2,4.47,24,4.4,0
"TCKT000704",20251108,20251110,8,2,3,4,1,3,37.64,72,3.1,0
"TCKT000705",20250624,20250624,10,2,5,4,1,3,1.21,2,2,0
"TCKT000706",20250922,20250923,9,7,7,4,1,1,6.95,24,3,0
"TCKT000707",20250429,20250430,4,3,3,1,1,3,4.6,4,3.9,1
"TCKT000708",20251003,20251003,10,2,5,4,1,1,0.62,2,2.1,0
"TCKT000709",20250913,20250913,19,6,8,2,1,1,2.65,4,4.9,0
"TCKT000710",20250709,20250711,9,7,4,1,3,1,53.34,24,1.7,1
"TCKT000711",20251001,20251002,6,5,3,4,1,3,9.2,24,2.7,0
"TCKT000712",20251116,20251117,4,3,5,2,3,2,30.42,4,2.2,1
"TCKT000713",20250818,20250819,11,7,1,3,3,3,1.46,8,1,0
"TCKT000714",20250721,20250721,10,2,7,3,1,2,1.99,2,3,0
"TCKT000715",20250701,20250701,7,6,3,4,1,1,0.71,2,2.2,0
"TCKT000716",20250402,20250403,13,5,6,1,3,2,25.31,48,4.5,0
"TCKT000717",20250128,20250128,3,3,6,1,1,1,5.1,1,4.5,1
"TCKT000718",20250119,20250119,9,7,3,2,1,2,2.44,24,3.4,0
"TCKT000719",20250224,20250224,20,4,1,4,3,3,0.55,12,4.1,0
"TCKT000720",20250112,20250114,6,5,3,3,1,2,41.29,24,2.1,1
"TCKT000721",20250924,20250925,15,6,5,3,3,1,17.47,8,3.8,1
"TCKT000722",20251013,20251017,13,5,6,4,3,3,93.47,48,3.4,1
"TCKT000723",20250425,20250426,13,5,1,4,3,3,24.36,48,2.6,0
"TCKT000724",20250625,20250625,6,5,1,2,1,1,1.62,24,1.5,0
"TCKT000725",20250511,20250512,18,1,8,3,3,1,24.6,72,4,0
"TCKT000726",20250315,20250316,16,7,4,1,1,1,20.4,12,4,1
"TCKT000727",20250618,20250619,8,2,5,4,1,2,10.84,72,1.8,0
"TCKT000728",20250910,20250911,8,2,1,1,3,3,3.33,72,2.2,0
"TCKT000729",20250529,20250529,12,3,7,2,1,1,1.2,2,3.3,0
"TCKT000730",20250805,20250807,7,6,2,2,3,2,32.5,2,2.6,1
"TCKT000731",20251106,20251106,14,1,5,3,1,1,3.88,48,3.3,0
"TCKT000732",20250428,0,1,1,4,4,2,2,,1,,0
"TCKT000733",20251023,20251026,15,6,1,2,3,1,74.41,8,3.2,1
"TCKT000734",20250727,0,1,1,2,2,5,1,,1,,0
"TCKT000735",20250513,20250513,17,4,5,3,1,3,15.87,8,4.4,1
"TCKT000736",20250122,20250123,10,2,2,1,3,2,7.5,2,2,1
"TCKT000737",20251021,20251021,14,1,7,1,1,1,4.17,48,2.4,0
"TCKT000738",20250814,0,18,1,8,4,4,2,,72,,0
"TCKT000739",20250528,20250528,10,2,3,4,1,1,3.1,2,2,1
"TCKT000740",20251018,0,3,3,4,3,2,3,,1,,0
"TCKT000741",20250731,20250801,1,1,5,3,3,1,23.76,1,3.5,1
"TCKT000742",20250726,20250727,11,7,5,4,1,2,11.86,8,2.2,1
"TCKT000743",20250902,0,15,6,3,1,6,3,,8,,0
"TCKT000744",20250214,20250214,5,4,6,3,1,3,6.06,4,2.8,1
"TCKT000745",20250114,0,8,2,2,4,4,1,,72,,0
"TCKT000746",20250704,20250704,2,2,7,2,1,1,1.81,1,3.4,1
"TCKT000747",20250503,20250503,11,7,5,1,1,3,3.36,8,2.5,0
"TCKT000748",20250328,20250330,19,6,1,2,1,2,40.81,4,2.7,1
"TCKT000749",20250319,20250323,7,6,6,4,3,2,93.5,2,2.3,1
"TCKT000750",20250410,20250410,10,2,6,3,3,2,7.14,2,1.6,1
"TCKT000751",20251006,20251006,11,7,5,1,3,2,0.54,8,4.8,0
"TCKT000752",20250914,20250914,6,5,5,2,1,3,11.76,24,1.5,0
"TCKT000753",20250621,20250621,4,3,8,4,1,2,2.12,4,1.4,0
"TCKT000754",20251112,20251112,10,2,7,1,3,2,12.9,2,3.2,1
"TCKT000755",20250128,20250128,6,5,7,1,3,1,3.13,24,2,0
"TCKT000756",20250207,20250207,4,3,6,1,1,3,17.51,4,4.9,1
"TCKT000757",20250211,20250212,17,4,6,4,1,1,37.31,8,1.1,1
"TCKT000758",20250707,20250708,4,3,2,3,3,3,22.73,4,1.2,1
"TCKT000759",20250704,20250704,5,4,3,1,1,1,1.97,4,4.4,0
"TCKT000760",20250312,20250313,7,6,8,2,3,1,1.35,2,2.5,0
"TCKT000761",20250926,20250926,1,1,2,1,1,1,5.12,1,2.9,1
"TCKT000762",20250625,0,8,2,5,4,2,1,,72,,0
"TCKT000763",20250310,20250310,5,4,4,2,3,3,4.58,4,4.8,1
"TCKT000764",20251027,20251031,16,7,2,2,3,2,100.46,12,4.4,1
"TCKT000765",20250903,20250903,9,7,4,4,1,1,2.91,24,1.9,0
"TCKT000766",20250105,20250106,14,1,3,2,1,3,29.89,48,4.1,0
"TCKT000767",20251009,20251009,8,2,4,2,1,2,8.36,72,3.8,0
"TCKT000768",20250805,20250805,1,1,1,1,1,2,1.02,1,4,1
"TCKT000769",20250327,20250327,19,6,5,2,1,2,1.92,4,4.3,0
"TCKT000770",20250822,20250822,2,2,4,4,3,3,4.77,1,1.5,1
"TCKT000771",20251004,20251005,19,6,4,4,3,2,26,4,4.5,1
"TCKT000772",20250605,20250605,16,7,7,1,1,3,15.81,12,4.2,1
"TCKT000773",20250917,20250917,16,7,7,3,3,2,0.52,12,3.8,0
"TCKT000774",20250605,20250605,18,1,6,4,1,2,11.41,72,4.4,0
"TCKT000775",20250418,20250419,13,5,6,1,3,3,22.75,48,1.2,0
"TCKT000776",20251117,20251117,2,2,8,2,1,2,12.41,1,2.2,1
"TCKT000777",20251025,20251027,14,1,7,2,1,2,37.38,48,2.5,0
"TCKT000778",20251028,20251101,12,3,1,4,3,2,98.66,2,1.3,1
"TCKT000779",20250526,20250529,9,7,5,2,1,1,93.84,24,2.3,1
"TCKT000780",20250906,0,18,1,3,3,2,2,,72,,0
"TCKT000781",20250607,20250607,12,3,8,2,1,3,1.42,2,1.9,0
"TCKT000782",20250210,20250211,4,3,3,1,3,1,33.08,4,1.8,1
"TCKT000783",20250123,20250123,20,4,2,4,1,1,1.63,12,2.3,0
"TCKT000784",20250903,0,6,5,4,4,2,2,,24,,0
"TCKT000785",20251016,20251016,11,7,3,2,1,1,1.22,8,2.9,0
"TCKT000786",20250812,20250812,13,5,5,2,3,2,1.06,48,3.3,0
"TCKT000787",20251107,0,6,5,7,2,4,2,,24,,0
"TCKT000788",20250804,20250804,17,4,2,1,1,3,1.4,8,3.7,0
"TCKT000789",20250428,0,14,1,8,3,2,2,,48,,0
"TCKT000790",20251027,20251027,8,2,7,2,1,3,3.7,72,4.2,0
"TCKT000791",20250907,20250907,5,4,7,3,3,3,10.49,4,2.9,1
"TCKT000792",20250319,20250320,18,1,3,4,1,1,4.76,72,3.9,0
"TCKT000793",20251102,20251102,3,3,5,3,1,1,4.33,1,4.2,1
"TCKT000794",20250926,20250926,16,7,1,3,3,2,2.33,12,2.9,0
"TCKT000795",20250806,20250806,17,4,1,1,3,2,18.34,8,3.4,1
"TCKT000796",20250312,20250313,7,6,4,4,3,1,28.16,2,1.8,1
"TCKT000797",20251012,20251012,9,7,3,4,1,1,4.35,24,1.3,0
"TCKT000798",20250713,20250714,3,3,7,3,1,2,13.97,1,1,1
"TCKT000799",20250828,20250828,7,6,3,2,3,1,3.28,2,2.3,1
"TCKT000800",20250822,20250823,8,2,5,2,1,3,22.74,72,1.2,0
"TCKT000801",20250105,20250106,13,5,1,1,3,1,20.37,48,4.7,0
"TCKT000802",20250203,20250205,16,7,6,2,1,3,37.83,12,2,1
"TCKT000803",20250128,20250129,12,3,8,1,1,3,23.75,2,2.2,1
"TCKT000804",20250523,20250523,1,1,8,3,1,1,1.52,1,1.9,1
"TCKT000805",20251019,20251019,15,6,4,1,3,2,1.17,8,3.3,0
"TCKT000806",20251114,20251114,3,3,5,3,3,1,1.18,1,1.2,1
"TCKT000807",20251107,0,4,3,3,1,2,2,,4,,0
"TCKT000808",20250619,20250620,3,3,1,1,1,3,22.4,1,3.5,1
"TCKT000809",20250518,0,20,4,3,1,4,2,,12,,0
"TCKT000810",20251006,20251011,1,1,5,4,1,3,114.96,1,1.5,1
"TCKT000811",20250614,20250614,16,7,4,1,1,2,2.05,12,2.6,0
"TCKT000812",20250813,20250815,5,4,5,4,1,3,69.35,4,4.1,1
"TCKT000813",20250715,20250716,17,4,2,3,1,1,41.93,8,4.5,1
"TCKT000814",20250815,20250815,4,3,7,2,1,3,5.43,4,3.2,1
"TCKT000815",20251013,0,19,6,8,1,2,1,,4,,0
"TCKT000816",20250929,20251002,6,5,7,4,3,2,70.07,24,3.9,1
"TCKT000817",20250418,20250418,5,4,5,2,1,2,0.7,4,1.6,0
"TCKT000818",20251116,20251117,10,2,8,4,1,1,25.45,2,3.5,1
"TCKT000819",20250606,20250606,15,6,3,2,3,3,1.04,8,2,0
"TCKT000820",20250809,20250813,18,1,6,4,1,2,86.24,72,4.6,1
"TCKT000821",20250803,20250803,12,3,7,2,3,3,5.75,2,3.1,1
"TCKT000822",20250824,20250824,18,1,1,4,3,1,12.16,72,2.8,0
"TCKT000823",20250415,20250415,2,2,5,4,1,3,1.74,1,2.6,1
"TCKT000824",20250802,20250802,14,1,3,4,1,1,7.64,48,1.4,0
"TCKT000825",20250110,20250110,16,7,7,4,1,2,11.48,12,3.8,0
"TCKT000826",20250129,20250129,6,5,2,3,1,2,11.82,24,4,0
"TCKT000827",20251118,0,9,7,6,3,6,2,,24,,0
"TCKT000828",20251015,20251015,20,4,3,4,1,3,2.39,12,4.9,0
"TCKT000829",20250611,20250611,11,7,7,3,1,3,3.46,8,4.5,0
"TCKT000830",20250417,20250417,7,6,3,1,1,2,1.71,2,1.3,0
"TCKT000831",20251110,20251110,16,7,1,3,3,1,2.75,12,2.3,0
"TCKT000832",20251008,20251008,11,7,3,3,1,3,3.47,8,1,0
"TCKT000833",20250618,20250619,13,5,5,1,3,3,20.47,48,1.3,0
"TCKT000834",20250513,20250513,14,1,6,1,3,1,1.5,48,2.6,0
"TCKT000835",20250603,20250603,1,1,5,1,3,2,3.17,1,1.4,1
"TCKT000836",20250618,20250618,18,1,4,4,1,3,2.23,72,3.6,0
"TCKT000837",20251104,20251104,4,3,3,2,3,3,0.69,4,4.4,0
"TCKT000838",20250413,20250413,16,7,1,2,1,2,4.22,12,2.4,0
"TCKT000839",20251013,20251013,19,6,1,2,3,3,3.87,4,3.1,0
"TCKT000840",20250518,20250522,19,6,1,1,1,1,110.69,4,4.2,1
"TCKT000841",20251025,20251025,14,1,1,4,1,1,1.53,48,1.7,0
"TCKT000842",20251102,20251102,13,5,1,1,3,2,2.81,48,2,0
"TCKT000843",20250305,20250307,1,1,4,4,1,3,50.04,1,1.9,1
"TCKT000844",20250824,20250824,2,2,3,2,1,3,1.39,1,4,1
"TCKT000845",20251113,20251119,16,7,2,2,1,3,132.31,12,4.7,1
"TCKT000846",20250209,20250209,12,3,7,2,1,2,5.77,2,2.7,1
"TCKT000847",20250904,20250904,6,5,1,4,1,3,0.86,24,2.7,0
"TCKT000848",20250309,20250309,19,6,5,1,1,3,3.86,4,4.6,0
"TCKT000849",20251128,20251129,4,3,3,2,3,3,10.98,4,2.3,1
"TCKT000850",20250918,20250921,4,3,7,1,3,3,61.79,4,2.8,1
"TCKT000851",20250531,20250531,17,4,7,1,1,1,6.73,8,2,0
"TCKT000852",20250918,20250918,10,2,7,3,1,2,2.25,2,2.4,1
"TCKT000853",20250526,20250527,8,2,7,2,1,1,2.83,72,1.3,0
"TCKT000854",20250227,20250303,16,7,7,1,3,3,99.48,12,2.7,1
"TCKT000855",20250608,20250608,2,2,4,2,1,1,1.92,1,4.8,1
"TCKT000856",20250529,20250604,8,2,4,1,1,1,134.76,72,4.1,1
"TCKT000857",20250522,0,5,4,3,1,2,2,,4,,0
"TCKT000858",20250719,20250719,15,6,7,4,1,1,10.41,8,3.7,1
"TCKT000859",20250217,20250217,7,6,3,4,3,3,6.08,2,4.5,1
"TCKT000860",20251116,20251116,14,1,7,1,1,1,1.14,48,1.8,0
"TCKT000861",20250125,20250126,16,7,4,2,3,3,3.44,12,4.2,0
"TCKT000862",20250104,20250104,16,7,2,1,3,2,1.23,12,1.5,0
"TCKT000863",20251030,20251030,1,1,7,4,1,3,6.76,1,4,1
"TCKT000864",20250402,20250404,5,4,8,1,1,2,48.21,4,3.1,1
"TCKT000865",20250322,20250326,16,7,7,3,3,3,81.62,12,2,1
"TCKT000866",20251001,20251001,14,1,3,4,1,1,2.19,48,2.4,0
"TCKT000867",20250622,20250622,18,1,4,2,3,3,1.9,72,1.5,0
"TCKT000868",20250303,20250305,12,3,7,2,3,1,48.66,2,3.1,1
"TCKT000869",20250222,20250222,19,6,7,3,3,2,1.65,4,1.7,0
"TCKT000870",20250901,20250901,2,2,8,1,3,1,0.56,1,4.3,0
"TCKT000871",20250804,20250807,5,4,6,4,3,3,89.32,4,2.3,1
"TCKT000872",20250608,20250609,15,6,6,4,1,2,27.08,8,1.4,1
"TCKT000873",20250825,20250825,15,6,3,1,1,2,1.3,8,2.3,0
"TCKT000874",20250914,20250914,14,1,2,3,3,1,0.61,48,2.2,0
"TCKT000875",20250211,20250213,14,1,2,2,3,2,43.54,48,2.4,0
"TCKT000876",20250724,20250724,12,3,7,3,3,1,6.6,2,1.9,1
"TCKT000877",20250706,0,15,6,7,4,6,3,,8,,0
"TCKT000878",20250914,20250914,7,6,6,4,3,3,2.11,2,4.9,1
"TCKT000879",20250419,20250421,19,6,4,2,3,3,43.08,4,1.3,1
"TCKT000880",20250731,20250803,10,2,3,1,3,2,88.74,2,3.5,1
"TCKT000881",20250208,20250208,6,5,7,2,3,1,1.28,24,3.6,0
"TCKT000882",20250404,20250404,15,6,1,4,3,1,0.81,8,2.3,0
"TCKT000883",20250125,20250129,4,3,7,1,3,3,92.92,4,4.9,1
"TCKT000884",20250509,20250510,18,1,4,2,1,3,9.65,72,3,0
"TCKT000885",20250317,20250320,6,5,2,2,3,3,78.95,24,1.2,1
"TCKT000886",20251019,20251022,13,5,8,2,1,2,69.6,48,3.6,1
"TCKT000887",20250212,20250212,9,7,1,2,3,2,1.8,24,3.7,0
"TCKT000888",20250516,20250516,9,7,1,3,3,2,1.28,24,4.3,0
"TCKT000889",20251016,20251016,6,5,6,4,1,3,1.57,24,3.7,0
"TCKT000890",20250614,20250614,17,4,6,3,3,1,15.76,8,1.9,1
"TCKT000891",20250801,20250802,5,4,4,1,3,2,29.03,4,1.4,1
"TCKT000892",20250503,20250503,7,6,5,1,3,1,0.9,2,4.8,0
"TCKT000893",20250513,20250514,11,7,6,1,3,2,29.35,8,3.6,1
"TCKT000894",20250311,20250312,20,4,7,2,1,2,11.01,12,1.2,0
"TCKT000895",20250725,20250725,15,6,1,1,1,2,5.58,8,3.7,0
"TCKT000896",20250809,20250809,11,7,4,1,3,1,6.43,8,4.6,0
"TCKT000897",20250422,20250425,4,3,6,3,1,2,75.79,4,4.9,1
"TCKT000898",20250325,20250325,13,5,4,1,3,2,4.5,48,4.2,0
"TCKT000899",20251027,20251027,9,7,2,3,1,3,1.96,24,3.7,0
"TCKT000900",20250124,20250124,4,3,4,2,1,3,0.75,4,3.7,0
"TCKT000901",20250219,20250219,3,3,7,4,3,2,3.08,1,4.6,1
"TCKT000902",20251112,20251112,10,2,2,3,1,2,6.76,2,2.3,1
"TCKT000903",20250413,20250413,16,7,7,2,1,3,3.29,12,1.6,0
"TCKT000904",20250607,20250612,13,5,3,2,1,3,110.86,48,4.3,1
"TCKT000905",20251030,20251102,5,4,2,3,1,2,77.93,4,4.7,1
"TCKT000906",20250405,20250405,19,6,4,2,3,3,1.96,4,2.5,0
"TCKT000907",20250401,20250407,12,3,2,3,1,1,143.99,2,4.5,1
"TCKT000908",20250101,20250101,2,2,6,4,3,3,8.13,1,2.7,1
"TCKT000909",20251123,20251123,4,3,8,3,1,1,1.38,4,1.3,0
"TCKT000910",20250128,20250130,6,5,8,1,1,2,46.17,24,2.8,1
"TCKT000911",20250323,20250327,5,4,5,3,3,3,84.89,4,2.5,1
"TCKT000912",20251115,20251115,10,2,5,3,1,3,2.1,2,2.7,1
"TCKT000913",20250208,20250208,8,2,2,1,1,3,3.9,72,2.7,0
"TCKT000914",20250314,20250315,18,1,2,3,1,3,6.17,72,2.9,0
"TCKT000915",20250525,0,10,2,1,1,6,3,,2,,0
"TCKT000916",20251108,20251108,12,3,1,2,3,3,0.6,2,4.2,0
"TCKT000917",20250731,20250731,20,4,8,4,3,2,12.8,12,3.9,1
"TCKT000918",20250221,20250223,7,6,6,3,3,2,42.76,2,1.9,1
"TCKT000919",20250918,20250918,17,4,3,2,3,3,4.88,8,2.5,0
"TCKT000920",20250209,20250209,5,4,8,4,3,2,0.64,4,3.3,0
"TCKT000921",20251109,20251111,6,5,2,4,1,3,38.84,24,2.7,1
"TCKT000922",20250913,20250913,5,4,5,1,3,2,14.5,4,2.8,1
"TCKT000923",20250928,20250928,11,7,8,4,1,3,0.71,8,3.7,0
"TCKT000924",20250302,20250302,1,1,3,3,3,1,1.76,1,3,1
"TCKT000925",20250820,20250820,11,7,4,1,1,3,3.01,8,2.6,0
"TCKT000926",20250325,0,7,6,1,3,5,2,,2,,0
"TCKT000927",20250224,0,11,7,8,1,4,2,,8,,0
"TCKT000928",20250319,20250320,1,1,1,1,1,1,11.9,1,3,1
"TCKT000929",20250701,20250702,9,7,4,4,3,3,2.52,24,3.4,0
"TCKT000930",20250929,20250929,15,6,1,3,1,3,16.74,8,4.6,1
"TCKT000931",20250904,20250905,16,7,5,2,3,1,39.2,12,2.3,1
"TCKT000932",20250410,20250411,17,4,2,3,1,3,38.45,8,4.6,1
"TCKT000933",20250702,20250702,14,1,6,4,1,2,2.07,48,3.7,0
"TCKT000934",20251027,0,13,5,1,4,2,1,,48,,0
"TCKT000935",20250812,20250818,1,1,5,1,3,2,142.01,1,3.5,1
"TCKT000936",20250819,20250819,3,3,8,4,1,1,3.23,1,4.7,1
"TCKT000937",20250410,20250410,7,6,6,3,3,2,5.4,2,1.4,1
"TCKT000938",20250618,20250618,18,1,5,4,3,2,1.96,72,1.7,0
"TCKT000939",20251120,20251124,17,4,3,2,1,1,88.99,8,4.4,1
"TCKT000940",20251011,20251012,17,4,7,2,1,2,15.68,8,3.6,1
"TCKT000941",20250701,20250703,16,7,1,1,3,3,36.21,12,3.3,1
"TCKT000942",20250710,20250711,4,3,4,4,3,3,16.08,4,3.4,1
"TCKT000943",20250121,20250121,2,2,7,4,3,3,1.7,1,4.6,1
"TCKT000944",20250508,20250508,2,2,4,3,1,1,2.98,1,2.2,1
"TCKT000945",20250130,20250130,15,6,1,3,1,1,0.56,8,4.3,0
"TCKT000946",20250109,20250109,13,5,6,3,3,3,0.94,48,3.3,0
"TCKT000947",20250405,20250405,3,3,1,4,3,1,2.76,1,4.2,1
"TCKT000948",20250126,20250128,3,3,3,1,3,3,40.27,1,1.9,1
"TCKT000949",20250907,20250911,10,2,1,4,3,2,91.72,2,2.6,1
"TCKT000950",20250330,20250330,11,7,2,1,3,2,3.14,8,3.7,0
"TCKT000951",20250918,20250919,8,2,1,1,3,3,21.89,72,4.1,0
"TCKT000952",20250518,20250518,18,1,6,4,3,2,0.68,72,3.5,0
"TCKT000953",20250512,20250513,16,7,8,3,3,1,17.64,12,3.2,1
"TCKT000954",20250516,20250516,8,2,6,2,1,3,7.23,72,4.6,0
"TCKT000955",20250418,20250418,10,2,3,3,3,1,4.88,2,4.7,1
"TCKT000956",20250625,20250625,19,6,7,3,3,2,1.49,4,2.7,0
"TCKT000957",20250926,20250927,10,2,4,4,3,2,14.03,2,4.5,1
"TCKT000958",20250324,20250324,1,1,4,2,3,2,1.53,1,3.8,1
"TCKT000959",20251104,20251105,13,5,1,2,1,3,13.97,48,2.8,0
"TCKT000960",20250603,20250604,8,2,4,2,3,3,7.55,72,4.4,0
"TCKT000961",20251118,20251118,10,2,7,2,1,2,9.73,2,1.3,1
"TCKT000962",20250901,20250902,18,1,5,2,3,3,14.99,72,2.8,0
"TCKT000963",20251003,20251004,4,3,3,2,3,2,22.78,4,1.5,1
"TCKT000964",20250614,20250614,6,5,2,3,3,1,1.54,24,3,0
"TCKT000965",20250815,20250815,7,6,1,3,1,2,3.91,2,4.2,1
"TCKT000966",20251109,20251109,14,1,8,3,1,2,1.52,48,1.7,0
"TCKT000967",20250209,20250209,13,5,4,1,1,1,0.69,48,2.1,0
"TCKT000968",20250504,20250508,12,3,3,1,3,2,92,2,1.4,1
"TCKT000969",20251118,20251119,20,4,1,3,1,2,21.06,12,2,1
"TCKT000970",20250228,20250228,7,6,7,3,3,3,11.34,2,4.2,1
"TCKT000971",20251023,20251023,8,2,3,3,3,3,13,72,1.7,0
"TCKT000972",20250502,20250505,14,1,1,1,3,1,76.16,48,1.4,1
"TCKT000973",20250221,20250221,6,5,3,4,3,3,14.91,24,4.5,0
"TCKT000974",20251124,20251124,1,1,4,1,3,2,12.73,1,4.9,1
"TCKT000975",20250113,20250113,9,7,7,2,1,1,3.59,24,2.1,0
"TCKT000976",20250906,20250906,11,7,1,4,3,2,0.94,8,3.5,0
"TCKT000977",20250417,20250417,6,5,8,4,1,3,5.28,24,3.6,0
"TCKT000978",20251101,20251107,12,3,7,1,3,2,136.31,2,4.7,1
"TCKT000979",20250913,0,10,2,4,4,4,1,,2,,0
"TCKT000980",20250426,20250502,20,4,5,1,1,3,134.34,12,3.6,1
"TCKT000981",20250712,20250717,3,3,5,3,1,3,128.08,1,3.8,1
"TCKT000982",20250501,20250502,16,7,5,3,3,3,17.4,12,3.3,1
"TCKT000983",20250901,20250902,10,2,3,2,1,1,14.34,2,4.4,1
"TCKT000984",20251108,20251108,19,6,5,4,3,3,1.77,4,2.4,0
"TCKT000985",20250601,20250601,10,2,5,1,3,3,0.77,2,3.5,0
"TCKT000986",20250810,20250810,6,5,1,2,1,3,1.81,24,1.6,0
"TCKT000987",20250913,20250914,17,4,1,3,1,1,44.32,8,4.7,1
"TCKT000988",20250507,20250507,19,6,6,1,3,3,1.66,4,3.4,0
"TCKT000989",20251107,20251109,16,7,5,4,3,1,39.94,12,3.1,1
"TCKT000990",20250320,20250320,8,2,5,1,1,1,7.14,72,3.1,0
"TCKT000991",20250520,0,10,2,5,1,4,2,,2,,0
"TCKT000992",20251123,20251124,2,2,5,4,1,3,28.98,1,1,1
"TCKT000993",20250917,20250917,19,6,7,3,3,1,0.83,4,3.4,0
"TCKT000994",20250211,20250214,6,5,8,3,1,1,78.33,24,2,1
"TCKT000995",20250312,20250312,11,7,2,4,3,1,2,8,4.5,0
"TCKT000996",20250521,20250521,11,7,6,1,3,1,3.5,8,4.6,0
"TCKT000997",20251102,20251102,10,2,3,3,1,2,1.71,2,4.1,0
"TCKT000998",20250705,20250710,2,2,5,4,1,3,113.56,1,2.6,1
"TCKT000999",20251115,20251115,4,3,8,3,3,1,21.13,4,2.2,1
"TCKT001000",20250111,20250112,2,2,2,2,3,2,16.67,1,1.1,1
"TCKT001001",20250309,20250310,3,3,1,4,3,2,10.8,1,2,1
"TCKT001002",20250713,20250713,3,3,7,3,3,2,2.14,1,3.8,1
"TCKT001003",20250831,20250901,7,6,3,2,1,3,15.2,2,1.1,1
"TCKT001004",20250312,0,13,5,2,2,4,2,,48,,0
"TCKT001005",20250417,20250417,18,1,4,3,3,1,4.01,72,3.8,0
"TCKT001006",20250728,0,13,5,7,2,6,3,,48,,0
"TCKT001007",20251125,20251126,9,7,4,3,1,3,33.48,24,1.9,1
"TCKT001008",20250116,20250121,8,2,5,2,1,1,132.68,72,3.7,1
"TCKT001009",20250125,20250126,7,6,1,4,3,1,3.63,2,3.6,1
"TCKT001010",20250418,0,8,2,1,2,2,3,,72,,0
"TCKT001011",20250915,20250916,15,6,7,4,1,3,2.93,8,2.5,0
"TCKT001012",20251108,20251108,1,1,1,2,3,3,3.44,1,3.6,1
"TCKT001013",20250924,20250924,12,3,5,1,1,3,0.84,2,4.7,0
"TCKT001014",20250213,20250213,8,2,3,4,3,2,0.57,72,2.5,0
"TCKT001015",20250615,20250615,7,6,4,1,1,1,1.57,2,1.3,0
"TCKT001016",20250523,20250525,5,4,2,3,1,2,49.13,4,2.7,1
"TCKT001017",20251001,20251002,20,4,4,2,1,2,5.34,12,4.3,0
"TCKT001018",20250801,20250804,11,7,6,4,3,2,53.48,8,3.6,1
"TCKT001019",20250331,0,11,7,4,1,5,2,,8,,0
"TCKT001020",20251103,20251103,16,7,2,3,1,1,0.61,12,4.5,0
"TCKT001021",20250617,0,5,4,6,3,6,3,,4,,0
"TCKT001022",20250713,20250714,7,6,3,4,3,2,6.41,2,1.5,1
"TCKT001023",20250601,20250601,19,6,7,2,3,2,1.26,4,2.4,0
"TCKT001024",20250421,20250422,1,1,6,2,3,3,22.99,1,1.8,1
"TCKT001025",20250926,20250927,19,6,4,3,3,1,9.44,4,1.1,1
"TCKT001026",20250111,20250111,15,6,8,1,1,2,2.65,8,2.1,0
"TCKT001027",20251005,20251005,10,2,2,3,1,1,5.69,2,3.9,1
"TCKT001028",20250920,20250921,11,7,7,3,3,3,9.96,8,3.8,1
"TCKT001029",20250710,20250710,5,4,3,2,1,3,3.15,4,4.1,0
"TCKT001030",20250622,20250623,10,2,5,2,1,2,2.6,2,3.1,1
"TCKT001031",20250629,20250629,10,2,3,4,1,1,1.85,2,2.5,0
"TCKT001032",20250211,20250211,20,4,6,2,3,3,11.49,12,4.6,0
"TCKT001033",20250927,20250927,9,7,6,1,3,3,8.26,24,1.1,0
"TCKT001034",20250115,20250115,2,2,7,1,3,1,5.56,1,4.5,1
"TCKT001035",20250926,20250927,19,6,4,2,1,2,26.52,4,4.5,1
"TCKT001036",20250803,20250804,20,4,1,1,3,1,21.97,12,3.3,1
"TCKT001037",20250517,20250517,2,2,7,4,3,1,0.75,1,2.6,0
"TCKT001038",20250928,20250928,17,4,3,3,1,1,3.61,8,3.3,0
"TCKT001039",20250916,20250916,3,3,7,3,1,2,6.89,1,3.6,1
"TCKT001040",20251011,20251012,5,4,6,3,1,1,11.61,4,3.3,1
"TCKT001041",20250218,0,16,7,5,3,4,1,,12,,0
"TCKT001042",20250212,20250213,18,1,4,1,3,1,14.68,72,2,0
"TCKT001043",20250125,20250125,20,4,7,2,3,2,1.66,12,3.7,0
"TCKT001044",20251104,20251104,11,7,5,3,3,2,7.24,8,4.7,0
"TCKT001045",20250612,0,4,3,6,2,5,3,,4,,0
"TCKT001046",20250723,20250723,9,7,8,4,1,2,7.12,24,2.3,0
"TCKT001047",20250529,20250531,2,2,3,4,1,3,28.41,1,3.4,1
"TCKT001048",20250225,0,18,1,3,4,6,1,,72,,0
"TCKT001049",20250922,20250925,16,7,1,3,3,2,68.99,12,3.7,1
"TCKT001050",20250606,20250606,5,4,1,1,3,1,1.47,4,2.2,0
"TCKT001051",20250114,20250114,3,3,7,3,3,2,0.95,1,4.6,0
"TCKT001052",20251003,20251004,12,3,5,3,3,1,25.64,2,4.8,1
"TCKT001053",20251109,20251113,8,2,8,3,1,1,95.22,72,2.2,1
"TCKT001054",20251128,20251203,17,4,4,3,1,3,136.56,8,4.6,1
"TCKT001055",20250118,20250119,2,2,2,1,3,2,20.72,1,4.4,1
"TCKT001056",20250816,20250817,18,1,6,2,3,3,27.41,72,1,0
"TCKT001057",20250628,20250628,8,2,1,3,1,2,4.87,72,2.6,0
"TCKT001058",20250714,20250718,6,5,8,3,3,3,88.97,24,3.3,1
"TCKT001059",20250620,20250620,9,7,5,3,1,1,3.05,24,1.7,0
"TCKT001060",20250928,20251002,9,7,3,1,3,1,94.05,24,4.6,1
"TCKT001061",20250425,20250427,11,7,1,2,1,3,36.51,8,4.1,1
"TCKT001062",20251116,20251119,4,3,5,2,3,3,77.5,4,2.3,1
"TCKT001063",20250905,20250905,1,1,8,2,1,3,2.53,1,4.4,1
"TCKT001064",20250428,20250503,18,1,4,1,3,1,139.26,72,1.7,1
"TCKT001065",20251126,20251126,17,4,5,3,3,2,3.47,8,1.2,0
"TCKT001066",20251112,20251112,7,6,2,2,3,2,1.74,2,3.4,0
"TCKT001067",20250205,20250206,18,1,2,2,1,1,1.75,72,3.7,0
"TCKT001068",20250607,20250608,3,3,1,1,3,2,10.61,1,1.4,1
"TCKT001069",20250124,20250125,20,4,3,3,1,1,4.25,12,3.7,0
"TCKT001070",20250603,20250603,18,1,5,2,1,2,0.67,72,2.3,0
"TCKT001071",20250424,20250430,17,4,6,4,1,3,138.83,8,2.4,1
"TCKT001072",20251108,20251108,8,2,1,3,3,1,5.39,72,4.6,0
"TCKT001073",20250929,20250929,4,3,5,4,3,1,4.18,4,2.6,1
"TCKT001074",20251020,20251020,16,7,1,3,1,3,7.11,12,1.6,0
"TCKT001075",20250715,20250716,14,1,4,4,1,2,2.6,48,4.3,0
"TCKT001076",20250531,20250605,5,4,8,3,3,1,109.01,4,4,1
"TCKT001077",20250321,0,4,3,6,2,5,2,,4,,0
"TCKT001078",20250624,20250625,1,1,4,4,3,1,27.3,1,1.7,1
"TCKT001079",20250124,20250124,7,6,7,3,1,2,3.03,2,1.6,1
"TCKT001080",20250902,20250902,16,7,4,3,1,1,11.03,12,2.5,0
"TCKT001081",20250711,0,4,3,4,4,5,1,,4,,0
"TCKT001082",20250530,20250531,5,4,4,1,3,2,3.62,4,3.3,0
"TCKT001083",20250821,20250822,20,4,7,3,1,1,13.42,12,1.1,1
"TCKT001084",20250722,20250724,10,2,3,1,1,1,31.28,2,1.2,1
"TCKT001085",20250224,20250225,16,7,1,1,3,2,37.55,12,2,1
"TCKT001086",20250309,20250309,19,6,2,2,1,3,9.6,4,4.7,1
"TCKT001087",20250122,0,15,6,3,3,4,1,,8,,0
"TCKT001088",20250221,20250223,14,1,6,3,3,3,54.2,48,1.6,1
"TCKT001089",20251103,20251103,5,4,8,3,3,3,6.83,4,3.5,1
"TCKT001090",20250921,20250923,2,2,6,4,1,3,31.9,1,2.3,1
"TCKT001091",20250401,20250402,8,2,1,4,1,2,15.69,72,3.7,0
"TCKT001092",20250619,20250620,16,7,8,2,3,1,18.81,12,4,1
"TCKT001093",20250829,20250829,4,3,1,2,3,2,1.33,4,2.6,0
"TCKT001094",20250315,20250315,14,1,7,4,1,2,1.26,48,1.4,0
"TCKT001095",20250909,20250909,7,6,7,1,3,2,2.02,2,3.5,1
"TCKT001096",20250519,20250519,18,1,4,3,1,2,1.84,72,3.7,0
"TCKT001097",20250606,20250606,13,5,1,4,3,2,0.94,48,1,0
"TCKT001098",20250112,20250112,12,3,4,4,1,2,1.12,2,3.2,0
"TCKT001099",20250223,20250224,2,2,7,1,3,2,0.63,1,1.7,0
"TCKT001100",20251031,20251101,3,3,8,3,3,3,45.42,1,2.4,1
"TCKT001101",20250911,20250917,4,3,6,2,1,2,143.02,4,4.6,1
"TCKT001102",20250204,20250205,3,3,4,2,3,2,3.11,1,3.2,1
"TCKT001103",20251119,20251120,3,3,4,2,3,2,14.66,1,2.6,1
"TCKT001104",20250524,20250524,10,2,4,2,3,1,1.36,2,4.1,0
"TCKT001105",20250212,20250212,11,7,6,4,1,3,1.37,8,4.7,0
"TCKT001106",20251102,20251103,18,1,5,2,3,2,37.26,72,1.2,0
"TCKT001107",20250428,20250428,6,5,6,3,1,3,1.34,24,3.4,0
"TCKT001108",20250214,20250214,13,5,5,1,3,2,3.46,48,1.3,0
"TCKT001109",20250810,20250810,16,7,7,1,3,1,2.82,12,4.4,0
"TCKT001110",20250505,20250505,17,4,6,2,3,3,14.62,8,3,1
"TCKT001111",20250916,20250916,6,5,6,2,1,1,1.39,24,4.6,0
"TCKT001112",20250908,20250910,4,3,5,3,1,1,47.28,4,4.1,1
"TCKT001113",20250315,20250316,3,3,8,3,3,3,14.6,1,4.6,1
"TCKT001114",20250827,20250827,4,3,3,1,1,3,0.74,4,1,0
"TCKT001115",20250916,0,2,2,3,2,4,1,,1,,0
"TCKT001116",20250425,20250425,2,2,8,4,1,1,2.36,1,3.7,1
"TCKT001117",20251003,20251003,19,6,2,3,1,3,1.12,4,3,0
"TCKT001118",20250113,20250113,2,2,1,4,1,3,1.75,1,1.7,1
"TCKT001119",20250208,20250209,11,7,3,2,3,2,12.58,8,3.4,1
"TCKT001120",20250819,20250819,5,4,6,2,3,3,9.19,4,2.4,1
"TCKT001121",20250202,20250206,10,2,7,1,1,1,91.23,2,4.9,1
"TCKT001122",20250408,20250413,18,1,6,2,3,2,123.59,72,1.7,1
"TCKT001123",20250709,20250709,10,2,7,3,1,3,1.38,2,2.4,0
"TCKT001124",20250102,20250102,13,5,6,2,1,3,7.12,48,1.5,0
"TCKT001125",20250307,20250307,1,1,6,4,1,3,1.57,1,1.6,1
"TCKT001126",20250418,20250420,17,4,8,3,1,2,47.8,8,1.2,1
"TCKT001127",20250602,20250602,19,6,8,4,1,1,1.16,4,4.7,0
"TCKT001128",20250528,20250602,6,5,7,4,3,2,119.54,24,4.7,1
"TCKT001129",20250316,0,2,2,6,2,2,1,,1,,0
"TCKT001130",20250224,20250225,5,4,6,3,1,2,26.23,4,4.9,1
"TCKT001131",20250319,20250320,8,2,7,3,1,2,27.71,72,3.8,0
"TCKT001132",20250609,20250611,9,7,8,2,1,1,43.71,24,2.7,1
"TCKT001133",20251018,20251019,2,2,8,1,3,1,21.35,1,1.1,1
"TCKT001134",20250406,20250411,10,2,3,1,1,3,123.32,2,3.6,1
"TCKT001135",20251108,20251108,6,5,5,4,1,3,3.03,24,2.9,0
"TCKT001136",20250622,20250623,15,6,8,1,3,3,21.15,8,1.5,1
"TCKT001137",20251102,20251102,20,4,4,2,3,2,6.81,12,2.1,0
"TCKT001138",20250915,20250915,15,6,2,3,1,2,14.86,8,2.8,1
"TCKT001139",20250426,20250427,18,1,6,3,1,2,26.6,72,1.8,0
"TCKT001140",20250705,20250706,17,4,5,4,3,3,12.97,8,1.8,1
"TCKT001141",20250804,20250805,2,2,3,3,3,3,19.47,1,2.3,1
"TCKT001142",20250521,20250522,11,7,6,3,1,3,34.79,8,3.5,1
"TCKT001143",20251115,0,8,2,5,4,2,3,,72,,0
"TCKT001144",20250423,20250423,19,6,4,4,3,2,1.51,4,4.5,0
"TCKT001145",20251117,20251117,13,5,1,4,3,3,3.71,48,4.7,0
"TCKT001146",20250524,20250526,18,1,1,1,3,1,46.14,72,1.6,0
"TCKT001147",20250420,20250423,5,4,7,2,1,2,82.99,4,2.2,1
"TCKT001148",20250118,20250118,13,5,1,3,3,1,6.85,48,4.9,0
"TCKT001149",20251126,20251130,3,3,1,3,1,3,94.91,1,4.8,1
"TCKT001150",20250208,20250209,6,5,3,4,3,2,3.77,24,1.6,0
"TCKT001151",20250401,20250402,20,4,4,3,3,3,13.27,12,3.6,1
"TCKT001152",20251105,20251107,4,3,1,2,3,2,48.46,4,1.9,1
"TCKT001153",20250625,20250625,12,3,8,3,3,1,2.23,2,3.5,1
"TCKT001154",20250819,20250821,12,3,2,4,1,1,44.93,2,1.7,1
"TCKT001155",20250429,20250429,17,4,7,2,3,1,2.39,8,4.8,0
"TCKT001156",20250824,20250827,16,7,5,1,1,1,79.74,12,2.7,1
"TCKT001157",20250811,20250812,15,6,6,4,1,1,0.78,8,3.3,0
"TCKT001158",20251101,20251101,16,7,7,3,3,1,2.19,12,2.3,0
"TCKT001159",20250402,20250402,9,7,4,4,3,1,22.66,24,1.6,0
"TCKT001160",20250825,20250828,7,6,1,2,1,3,64.28,2,2.2,1
"TCKT001161",20250930,20250930,17,4,3,3,3,3,6.91,8,4.4,0
"TCKT001162",20251002,20251003,17,4,4,2,1,2,18.88,8,1.5,1
"TCKT001163",20250730,20250731,8,2,3,3,1,3,14.11,72,4,0
"TCKT001164",20251027,20251027,13,5,8,4,3,2,10.19,48,3.5,0
"TCKT001165",20250515,20250515,13,5,7,1,1,3,0.69,48,3.8,0
"TCKT001166",20250307,20250307,19,6,5,3,1,1,0.8,4,3.3,0
"TCKT001167",20250331,20250331,5,4,6,3,3,2,2.85,4,1.4,0
"TCKT001168",20250915,20250915,18,1,7,1,1,2,0.61,72,4.1,0
"TCKT001169",20250925,20250925,2,2,4,1,1,2,1.39,1,3.7,1
"TCKT001170",20250204,20250204,10,2,4,2,1,3,1.12,2,3.6,0
"TCKT001171",20250122,20250123,20,4,4,2,3,3,11.16,12,4.3,0
"TCKT001172",20251108,20251110,6,5,6,4,3,2,47.56,24,2,1
"TCKT001173",20250609,20250609,5,4,5,2,3,2,10.43,4,4.2,1
"TCKT001174",20250602,20250603,12,3,5,2,3,2,7.17,2,1.8,1
"TCKT001175",20250307,20250308,4,3,7,1,3,2,4.08,4,3.1,1
"TCKT001176",20250821,20250821,3,3,3,3,3,1,0.68,1,4.3,0
"TCKT001177",20250306,20250309,18,1,4,2,1,3,70.42,72,3,0
"TCKT001178",20250402,20250404,2,2,1,2,1,1,41.24,1,4.5,1
"TCKT001179",20251028,0,8,2,2,3,5,2,,72,,0
"TCKT001180",20250523,20250523,10,2,7,3,1,1,0.78,2,3.2,0
"TCKT001181",20250124,20250127,14,1,1,3,3,3,74.61,48,1.5,1
"TCKT001182",20251027,20251029,1,1,5,3,3,1,32.8,1,2.2,1
"TCKT001183",20250729,20250729,9,7,7,3,3,3,5.4,24,2.1,0
"TCKT001184",20251127,20251127,8,2,6,2,1,1,1.95,72,3.5,0
"TCKT001185",20250323,20250324,17,4,3,2,1,2,32.77,8,4,1
"TCKT001186",20250401,20250402,17,4,4,2,3,2,9.95,8,4.1,1
"TCKT001187",20250317,20250317,14,1,6,1,3,2,8.5,48,1.5,0
"TCKT001188",20250419,20250422,3,3,3,4,3,1,75.22,1,3.2,1
"TCKT001189",20251004,20251004,10,2,1,4,1,3,0.79,2,4.9,0
"TCKT001190",20250718,20250720,17,4,5,2,1,1,37.65,8,3.5,1
"TCKT001191",20250630,20250702,17,4,2,2,1,1,34.46,8,3.3,1
"TCKT001192",20250413,20250413,1,1,3,2,3,2,3.65,1,3.2,1
"TCKT001193",20251130,20251130,15,6,6,2,3,2,0.67,8,2.3,0
"TCKT001194",20250415,20250416,11,7,2,4,3,1,11.05,8,1.2,1
"TCKT001195",20251008,20251009,4,3,1,4,3,2,6.24,4,1.2,1
"TCKT001196",20250412,20250414,8,2,1,2,1,1,71.27,72,1.9,0
"TCKT001197",20250919,20250919,11,7,6,2,3,3,1.41,8,3.3,0
"TCKT001198",20250504,20250504,6,5,4,3,1,1,16.44,24,3.8,0
"TCKT001199",20250224,20250225,4,3,5,3,3,3,3.07,4,3.1,0
"TCKT001200",20250810,20250810,15,6,3,1,3,2,1.23,8,4.1,0
"TCKT001201",20250921,20250921,16,7,6,1,3,3,12.21,12,3.4,1
"TCKT001202",20251001,20251001,16,7,1,4,1,3,1.42,12,3,0
"TCKT001203",20250111,20250112,16,7,7,1,3,1,21.83,12,2.8,1
"TCKT001204",20250123,20250124,1,1,6,1,3,1,26.48,1,3,1
"TCKT001205",20251025,20251028,11,7,8,2,3,2,68.53,8,3.9,1
"TCKT001206",20250307,20250309,10,2,7,4,1,3,44.84,2,3.4,1
"TCKT001207",20250720,0,5,4,7,3,4,3,,4,,0
"TCKT001208",20250501,20250502,18,1,6,1,1,2,2.97,72,4.6,0
"TCKT001209",20250208,20250209,5,4,8,4,1,1,37.41,4,4.1,1
"TCKT001210",20251020,20251021,12,3,2,3,3,2,22.13,2,2.9,1
"TCKT001211",20250626,20250629,19,6,1,1,3,1,69.21,4,4.3,1
"TCKT001212",20250216,20250217,2,2,5,2,1,2,25.08,1,1,1
"TCKT001213",20250913,20250913,16,7,2,3,1,3,6.16,12,4.8,0
"TCKT001214",20250626,20250626,19,6,1,4,1,3,12.29,4,4.5,1
"TCKT001215",20250204,20250204,2,2,7,1,3,1,3.18,1,2.7,1
"TCKT001216",20250803,20250807,17,4,6,2,1,3,104.55,8,3.1,1
"TCKT001217",20251027,20251029,13,5,2,1,1,3,49.26,48,2.4,1
"TCKT001218",20250905,20250906,16,7,7,2,1,2,25.22,12,3,1
"TCKT001219",20250319,20250322,6,5,6,2,3,3,82.63,24,4.2,1
"TCKT001220",20250721,0,14,1,8,3,5,1,,48,,0
"TCKT001221",20250430,20250502,1,1,4,1,1,2,42.52,1,3.1,1
"TCKT001222",20251028,20251030,8,2,4,3,1,2,33.26,72,1.7,0
"TCKT001223",20250320,20250320,14,1,2,4,3,3,5.43,48,3.9,0
"TCKT001224",20250305,20250306,9,7,4,2,3,1,36.06,24,1,1
"TCKT001225",20250111,20250111,8,2,8,3,3,3,0.67,72,5,0
"TCKT001226",20251017,20251018,1,1,1,1,1,3,3.66,1,4,1
"TCKT001227",20251122,20251126,6,5,3,2,1,1,90.97,24,4,1
"TCKT001228",20250326,0,2,2,1,3,5,3,,1,,0
"TCKT001229",20250507,20250509,2,2,7,1,1,2,33.06,1,1.7,1
"TCKT001230",20250408,20250408,20,4,3,3,3,1,0.96,12,4.6,0
"TCKT001231",20250507,20250510,3,3,7,3,3,1,62.45,1,2.2,1
"TCKT001232",20250402,20250405,11,7,7,2,1,1,62.01,8,2.5,1
"TCKT001233",20251019,20251020,2,2,3,3,1,1,41.85,1,2.6,1
"TCKT001234",20250509,20250509,5,4,1,2,3,2,0.89,4,3.9,0
"TCKT001235",20250808,20250808,8,2,8,1,1,1,1.6,72,1.4,0
"TCKT001236",20251024,20251024,2,2,1,2,3,3,1.8,1,4.9,1
"TCKT001237",20250827,20250827,19,6,4,1,3,3,1.91,4,2.8,0
"TCKT001238",20251017,20251017,14,1,3,4,3,3,1.9,48,4.8,0
"TCKT001239",20250109,20250110,14,1,8,1,1,1,14.01,48,3.2,0
"TCKT001240",20250627,20250629,18,1,3,1,1,3,41.47,72,3,0
"TCKT001241",20250119,20250120,8,2,7,4,1,1,38.01,72,3.4,0
"TCKT001242",20250427,20250427,11,7,2,4,3,1,2.99,8,3.6,0
"TCKT001243",20251011,20251011,9,7,8,2,1,1,1.62,24,2.1,0
"TCKT001244",20250808,20250813,19,6,8,3,1,1,130.61,4,2.2,1
"TCKT001245",20250601,20250602,19,6,4,2,1,2,40.64,4,1.9,1
"TCKT001246",20250319,20250319,9,7,3,3,1,1,16.89,24,4.1,0
"TCKT001247",20250926,20250928,11,7,8,3,1,1,36.53,8,2.4,1
"TCKT001248",20250329,20250329,1,1,5,4,1,3,6.51,1,3.9,1
"TCKT001249",20250119,20250124,17,4,4,3,3,3,126.28,8,3.9,1
"TCKT001250",20250421,0,1,1,6,1,5,2,,1,,0
"TCKT001251",20250721,20250722,7,6,3,3,1,2,40.41,2,4.5,1
"TCKT001252",20251005,20251007,7,6,7,1,1,3,40.29,2,3.3,1
"TCKT001253",20250504,20250505,10,2,8,1,1,1,14.05,2,2.7,1
"TCKT001254",20250512,20250512,6,5,4,3,1,1,7.24,24,2.7,0
"TCKT001255",20250102,20250102,19,6,5,3,1,2,0.75,4,1.8,0
"TCKT001256",20250509,20250509,16,7,8,2,3,3,3.2,12,3.3,0
"TCKT001257",20250119,20250119,10,2,4,1,3,1,1.07,2,1.9,0
"TCKT001258",20250610,20250610,17,4,4,1,1,1,0.67,8,2.4,0
"TCKT001259",20250306,20250307,18,1,1,2,1,2,39.07,72,3.3,0
"TCKT001260",20250930,0,2,2,5,3,6,1,,1,,0
"TCKT001261",20250208,20250208,13,5,1,2,1,1,12.08,48,1.6,0
"TCKT001262",20250623,20250624,11,7,5,2,1,3,21.67,8,2.4,1
"TCKT001263",20250524,20250524,2,2,1,3,1,3,2,1,4.7,1
"TCKT001264",20250930,20251002,15,6,6,4,3,1,35.26,8,4.7,1
"TCKT001265",20250410,20250410,13,5,4,1,1,2,1.92,48,2.9,0
"TCKT001266",20251025,20251025,9,7,7,4,3,3,6.76,24,4.3,0
"TCKT001267",20250929,20250930,17,4,5,1,3,3,33.46,8,3.7,1
"TCKT001268",20250804,20250805,12,3,7,1,1,2,7.61,2,2.1,1
"TCKT001269",20250102,20250102,8,2,2,4,3,1,1.89,72,3.3,0
"TCKT001270",20251124,20251124,9,7,7,1,1,3,1.8,24,3.5,0
"TCKT001271",20250531,20250531,12,3,8,4,3,2,1.21,2,3.9,0
"TCKT001272",20250813,20250813,9,7,1,1,3,1,0.85,24,3.1,0
"TCKT001273",20250723,20250724,17,4,6,1,3,2,17.15,8,4.3,1
"TCKT001274",20250601,20250602,18,1,1,2,1,2,24.1,72,4.3,0
"TCKT001275",20250730,20250801,4,3,1,3,3,3,31.82,4,1.4,1
"TCKT001276",20250521,0,15,6,8,2,4,2,,8,,0
"TCKT001277",20250714,20250714,1,1,7,1,3,1,0.8,1,4,0
"TCKT001278",20250911,20250915,12,3,4,4,1,3,92.74,2,1.1,1
"TCKT001279",20250809,20250810,9,7,4,3,3,2,10.75,24,4.4,0
"TCKT001280",20250304,20250304,13,5,8,2,1,1,1.15,48,1.4,0
"TCKT001281",20250523,20250523,5,4,4,1,3,2,1.44,4,3,0
"TCKT001282",20251107,20251108,15,6,2,2,3,2,19.46,8,2.8,1
"TCKT001283",20250501,20250501,4,3,8,1,1,1,1.77,4,4.4,0
"TCKT001284",20250810,0,5,4,4,4,2,3,,4,,0
"TCKT001285",20251130,20251202,17,4,7,1,1,2,53.24,8,3.6,1
"TCKT001286",20250507,20250511,12,3,7,2,1,3,92.97,2,2.1,1
"TCKT001287",20250617,20250620,17,4,4,1,1,2,67.12,8,2.7,1
"TCKT001288",20251013,20251015,9,7,3,2,1,3,47.48,24,3.8,1
"TCKT001289",20251121,20251123,12,3,5,1,1,3,56.94,2,1.4,1
"TCKT001290",20250918,20250920,8,2,1,1,3,3,45.67,72,2.2,0
"TCKT001291",20250804,20250804,13,5,1,3,1,1,7.77,48,3.2,0
"TCKT001292",20250518,20250518,8,2,7,1,1,1,16.06,72,3.7,0
"TCKT001293",20250219,0,4,3,7,4,4,2,,4,,0
"TCKT001294",20250226,20250226,9,7,4,4,3,3,3.03,24,3,0
"TCKT001295",20250409,0,19,6,3,2,5,3,,4,,0
"TCKT001296",20250608,20250608,19,6,7,1,3,2,1.3,4,4.4,0
"TCKT001297",20250715,20250720,9,7,3,2,1,1,117.37,24,3.3,1
"TCKT001298",20250606,20250606,8,2,7,2,3,3,1.23,72,4.7,0
"TCKT001299",20250704,0,18,1,2,1,6,3,,72,,0
"TCKT001300",20250122,20250122,13,5,2,2,3,3,4.65,48,3,0
"TCKT001301",20251021,20251022,4,3,1,2,3,2,7.83,4,2.1,1
"TCKT001302",20250313,20250313,10,2,1,3,1,2,3.76,2,3.4,1
"TCKT001303",20250714,20250714,9,7,2,2,1,3,1.71,24,4.9,0
"TCKT001304",20251027,20251027,8,2,1,4,3,2,0.81,72,1.3,0
"TCKT001305",20250610,20250613,15,6,3,2,3,1,70.08,8,2,1
"TCKT001306",20250205,20250205,13,5,6,2,1,2,1.01,48,3.3,0
"TCKT001307",20250427,20250427,6,5,6,4,3,1,2.66,24,4.4,0
"TCKT001308",20251004,20251005,13,5,7,1,1,2,9.94,48,1.2,0
"TCKT001309",20250520,20250520,19,6,6,1,1,2,1.66,4,3.7,0
"TCKT001310",20250313,20250313,9,7,5,2,1,2,4.66,24,2.6,0
"TCKT001311",20250707,20250707,14,1,8,3,3,1,0.74,48,5,0
"TCKT001312",20250831,20250906,11,7,4,3,1,1,136.59,8,3.3,1
"TCKT001313",20251012,20251012,18,1,5,2,3,2,1.22,72,2.6,0
"TCKT001314",20250620,20250621,3,3,4,1,1,2,6.74,1,3.3,1
"TCKT001315",20250317,20250321,7,6,2,3,3,1,85.34,2,1.4,1
"TCKT001316",20250804,20250805,20,4,5,3,3,1,18.93,12,4,1
"TCKT001317",20250105,20250109,19,6,4,4,1,2,77.39,4,3.3,1
"TCKT001318",20250516,20250517,19,6,2,3,3,2,14.27,4,4,1
"TCKT001319",20250211,20250214,16,7,3,4,1,3,75.03,12,4.7,1
"TCKT001320",20250713,20250713,13,5,2,2,3,3,1.21,48,3.5,0
"TCKT001321",20250527,20250531,3,3,8,2,3,1,93.3,1,2.9,1
"TCKT001322",20251003,0,6,5,2,4,6,2,,24,,0
"TCKT001323",20250105,0,5,4,4,1,5,3,,4,,0
"TCKT001324",20250831,20250831,8,2,2,3,1,1,0.62,72,3,0
"TCKT001325",20250805,20250807,3,3,2,1,3,2,56.56,1,3.4,1
"TCKT001326",20250921,20250924,19,6,1,4,1,2,78.97,4,4.3,1
"TCKT001327",20250306,20250306,17,4,8,2,3,1,0.66,8,2.9,0
"TCKT001328",20250127,20250128,3,3,1,1,3,1,14.3,1,4.3,1
"TCKT001329",20250731,20250802,18,1,5,2,3,3,43.22,72,1,0
"TCKT001330",20250210,20250210,8,2,1,3,3,3,3.25,72,3.6,0
"TCKT001331",20250728,20250729,6,5,8,4,1,3,30.68,24,4,1
"TCKT001332",20250822,20250824,20,4,5,4,3,2,45.96,12,1.5,1
"TCKT001333",20251102,20251102,14,1,8,1,1,3,1.91,48,2.3,0
"TCKT001334",20250210,20250214,18,1,2,4,3,1,95.51,72,4.2,1
"TCKT001335",20251102,20251102,4,3,8,1,1,3,3.18,4,1.9,0
"TCKT001336",20250524,20250524,14,1,7,1,1,2,1.59,48,2.8,0
"TCKT001337",20250326,20250329,7,6,7,2,3,2,71,2,3.3,1
"TCKT001338",20250426,20250428,11,7,4,3,1,1,42.51,8,1.9,1
"TCKT001339",20250304,20250304,2,2,4,3,1,1,12.02,1,2.5,1
"TCKT001340",20250227,20250228,2,2,2,2,3,3,23.47,1,4.5,1
"TCKT001341",20250525,20250525,7,6,1,2,1,1,1.83,2,1.2,0
"TCKT001342",20250421,20250421,5,4,1,3,1,2,3.98,4,1.2,0
"TCKT001343",20250623,20250623,1,1,5,4,1,1,0.95,1,1.1,0
"TCKT001344",20250304,20250306,19,6,3,3,3,2,48.9,4,2.8,1
"TCKT001345",20250123,20250123,18,1,5,1,1,3,4.14,72,2.7,0
"TCKT001346",20250409,20250410,1,1,5,3,1,1,15.71,1,4.9,1
"TCKT001347",20250523,20250525,13,5,4,4,3,3,57.98,48,1.7,1
"TCKT001348",20250118,0,15,6,4,1,6,2,,8,,0
"TCKT001349",20250923,20250923,6,5,7,1,3,1,11.98,24,1.1,0
"TCKT001350",20250525,20250526,19,6,6,1,3,3,1.36,4,2.2,0
"TCKT001351",20250507,20250508,1,1,7,3,1,3,7.21,1,1.2,1
"TCKT001352",20250601,20250604,10,2,2,4,3,1,66.7,2,2.2,1
"TCKT001353",20251118,20251118,13,5,5,4,1,3,4.47,48,3.6,0
"TCKT001354",20250612,20250612,20,4,2,1,3,2,5.33,12,2.1,0
"TCKT001355",20250324,20250328,19,6,7,3,3,1,94.98,4,3.8,1
"TCKT001356",20250426,20250426,10,2,5,4,1,3,14.73,2,2.4,1
"TCKT001357",20251012,20251014,15,6,5,3,3,2,31.99,8,3.2,1
"TCKT001358",20250101,20250104,1,1,5,1,1,2,66.79,1,1.8,1
"TCKT001359",20250216,20250218,8,2,7,2,1,1,35.95,72,1.9,0
"TCKT001360",20250314,20250314,9,7,3,2,1,3,0.56,24,4.6,0
"TCKT001361",20251118,20251118,17,4,8,2,1,3,1.05,8,1.7,0
"TCKT001362",20250730,20250730,20,4,4,1,3,2,3.68,12,3.5,0
"TCKT001363",20250101,0,7,6,3,1,6,1,,2,,0
"TCKT001364",20251029,20251031,10,2,1,4,1,3,58.73,2,1.6,1
"TCKT001365",20250517,0,13,5,8,3,2,2,,48,,0
"TCKT001366",20251015,20251017,3,3,8,3,1,3,32.8,1,4.1,1
"TCKT001367",20250427,20250427,18,1,2,1,1,2,13.2,72,3.1,0
"TCKT001368",20250313,20250313,1,1,7,2,1,3,1.63,1,4,1
"TCKT001369",20251125,20251126,16,7,6,1,1,1,4.81,12,3.6,0
"TCKT001370",20250301,20250302,13,5,4,2,3,2,3.11,48,4.7,0
"TCKT001371",20251127,20251127,14,1,6,4,3,1,15.43,48,3.7,0
"TCKT001372",20250701,20250701,6,5,3,3,1,3,1.57,24,3.4,0
"TCKT001373",20251002,0,11,7,7,1,4,3,,8,,0
"TCKT001374",20250304,20250308,16,7,3,3,3,1,92.52,12,3.1,1
"TCKT001375",20250109,20250109,8,2,2,3,3,2,1.27,72,4,0
"TCKT001376",20251028,20251029,7,6,2,3,1,3,11.78,2,1.2,1
"TCKT001377",20250729,20250729,16,7,3,1,1,3,1.84,12,4.9,0
"TCKT001378",20250115,20250115,6,5,6,1,1,3,0.88,24,1,0
"TCKT001379",20250904,20250904,11,7,5,1,1,3,1.95,8,4.1,0
"TCKT001380",20251025,20251025,16,7,6,1,1,3,4.25,12,5,0
"TCKT001381",20250712,0,10,2,8,3,6,3,,2,,0
"TCKT001382",20250428,20250428,2,2,4,3,1,3,0.66,1,1.8,0
"TCKT001383",20250823,0,11,7,3,4,6,3,,8,,0
"TCKT001384",20250605,20250609,9,7,8,2,3,2,93.18,24,3.1,1
"TCKT001385",20250824,20250830,5,4,4,3,3,2,142.14,4,4.8,1
"TCKT001386",20251020,20251021,8,2,4,4,3,1,24.95,72,1.4,0
"TCKT001387",20251104,20251104,8,2,3,2,3,2,11.02,72,2.7,0
"TCKT001388",20250104,20250104,16,7,1,3,1,3,3.74,12,4.9,0
"TCKT001389",20250911,20250914,7,6,7,3,1,3,82.41,2,2.7,1
"TCKT001390",20250208,20250208,12,3,4,4,3,1,11.14,2,3.2,1
"TCKT001391",20251026,20251026,13,5,8,4,3,1,1.93,48,2.9,0
"TCKT001392",20250424,20250425,18,1,2,4,3,3,17.3,72,1.9,0
"TCKT001393",20250803,20250803,9,7,2,3,1,1,1.94,24,4,0
"TCKT001394",20250507,0,7,6,1,2,2,3,,2,,0
"TCKT001395",20250207,20250208,10,2,5,1,3,3,19.55,2,3.7,1
"TCKT001396",20250906,20250909,9,7,7,3,3,3,66.75,24,2.1,1
"TCKT001397",20250213,20250215,12,3,4,3,3,2,46.29,2,3.8,1
"TCKT001398",20251027,20251027,15,6,2,4,3,1,19.1,8,4.6,1
"TCKT001399",20250712,20250712,14,1,6,3,3,2,0.61,48,4.8,0
"TCKT001400",20250105,20250106,6,5,5,2,1,3,25.98,24,3.2,1
"TCKT001401",20251112,20251113,13,5,5,2,1,3,11.89,48,2.4,0
"TCKT001402",20250322,20250322,11,7,3,2,3,3,1.79,8,1.1,0
"TCKT001403",20250321,20250321,17,4,6,3,1,3,1.84,8,1,0
"TCKT001404",20250427,20250429,11,7,7,2,3,2,48.91,8,3.9,1
"TCKT001405",20250514,20250514,10,2,1,2,1,2,4.25,2,1.6,1
"TCKT001406",20250920,20250920,5,4,6,2,1,3,1.58,4,2,0
"TCKT001407",20250530,20250531,1,1,2,1,1,2,12.33,1,3.1,1
"TCKT001408",20251006,20251006,17,4,2,3,3,3,0.99,8,1.9,0
"TCKT001409",20250624,20250624,6,5,4,2,1,2,2.39,24,2.6,0
"TCKT001410",20250726,20250726,9,7,4,1,1,1,1.93,24,3.4,0
"TCKT001411",20250127,20250127,2,2,2,4,3,2,1.02,1,1.8,1
"TCKT001412",20250125,20250126,5,4,4,3,3,1,27.91,4,4.1,1
"TCKT001413",20250202,20250202,12,3,5,4,3,2,2.24,2,1.5,1
"TCKT001414",20250619,20250624,17,4,4,1,3,1,130.29,8,4.5,1
"TCKT001415",20250819,20250822,10,2,7,1,1,3,80.47,2,3.8,1
"TCKT001416",20250422,20250422,18,1,7,2,1,3,3.77,72,4.2,0
"TCKT001417",20250219,20250219,3,3,7,4,3,3,13.82,1,3.8,1
"TCKT001418",20250828,20250828,15,6,3,3,3,1,1.44,8,4,0
"TCKT001419",20250523,20250524,16,7,3,1,1,2,22.49,12,2.8,1
"TCKT001420",20250218,0,7,6,4,1,6,3,,2,,0
"TCKT001421",20250716,0,14,1,2,2,2,1,,48,,0
"TCKT001422",20251120,20251120,18,1,3,3,1,2,3.28,72,2.5,0
"TCKT001423",20250121,20250121,19,6,6,4,3,3,1.71,4,1.6,0
"TCKT001424",20250226,20250303,15,6,1,1,1,1,121.37,8,3.2,1
"TCKT001425",20250127,20250128,7,6,6,2,1,2,5.66,2,3,1
"TCKT001426",20250816,0,12,3,2,1,5,2,,2,,0
"TCKT001427",20250406,20250410,7,6,2,4,3,3,93.71,2,2.9,1
"TCKT001428",20250426,20250427,16,7,8,3,1,3,13.05,12,3.8,1
"TCKT001429",20251106,20251108,1,1,2,1,1,1,36.09,1,3.8,1
"TCKT001430",20250907,20250911,8,2,7,2,1,1,82.36,72,3.2,1
"TCKT001431",20250614,20250619,14,1,8,2,1,1,113.59,48,1.1,1
"TCKT001432",20250822,20250822,8,2,8,3,3,1,2.56,72,4.7,0
"TCKT001433",20250217,20250222,8,2,2,3,1,2,131.67,72,2.2,1
"TCKT001434",20250118,20250118,10,2,3,2,1,3,7.46,2,2.8,1
"TCKT001435",20251028,20251101,11,7,2,3,1,1,96.7,8,1.8,1
"TCKT001436",20250605,20250605,14,1,4,4,1,1,1.38,48,1.1,0
"TCKT001437",20250608,20250608,20,4,8,1,3,2,1.48,12,1.6,0
"TCKT001438",20250328,20250329,9,7,4,3,1,3,23.87,24,2.5,0
"TCKT001439",20250907,20250908,5,4,2,1,1,1,31.2,4,1.2,1
"TCKT001440",20251112,20251112,9,7,7,4,3,2,9.03,24,1.9,0
"TCKT001441",20251018,20251018,8,2,7,2,3,2,1.01,72,2.6,0
"TCKT001442",20250225,20250226,11,7,5,2,1,1,35.81,8,4.3,1
"TCKT001443",20250522,20250523,10,2,2,2,3,2,22.92,2,1.7,1
"TCKT001444",20250215,20250215,1,1,4,1,3,3,2.69,1,2.4,1
"TCKT001445",20250925,20250927,3,3,4,4,3,1,56.24,1,2.6,1
"TCKT001446",20251001,20251001,6,5,5,4,3,2,1.3,24,4.4,0
"TCKT001447",20251109,20251112,3,3,8,1,1,2,78.04,1,4.5,1
"TCKT001448",20250408,20250408,19,6,8,4,3,2,4.82,4,3.3,1
"TCKT001449",20250711,20250712,18,1,2,3,3,1,22.61,72,1.4,0
"TCKT001450",20251008,20251008,1,1,6,1,3,2,1.77,1,1.2,1
"TCKT001451",20250207,20250207,3,3,5,2,3,1,0.59,1,2.5,0
"TCKT001452",20250206,20250207,15,6,4,2,1,3,4.55,8,1.9,0
"TCKT001453",20250414,20250415,7,6,4,2,3,2,10.92,2,4.2,1
"TCKT001454",20250309,0,3,3,3,1,2,1,,1,,0
"TCKT001455",20251119,20251119,8,2,4,2,3,2,2.28,72,3.4,0
"TCKT001456",20250123,20250126,15,6,1,4,3,3,70.99,8,4.3,1
"TCKT001457",20250505,20250505,7,6,5,3,3,3,3.43,2,1.1,1
"TCKT001458",20250825,20250825,12,3,7,2,3,2,9.17,2,4.1,1
"TCKT001459",20250704,20250704,17,4,2,2,1,1,4.46,8,3.3,0
"TCKT001460",20250623,20250623,3,3,5,2,1,2,7.29,1,4.2,1
"TCKT001461",20250610,20250610,16,7,1,2,1,3,7.22,12,2.8,0
"TCKT001462",20250814,0,17,4,2,2,6,3,,8,,0
"TCKT001463",20250118,20250120,3,3,3,2,1,1,50.23,1,1.7,1
"TCKT001464",20250731,20250801,4,3,6,2,1,3,23.11,4,3.4,1
"TCKT001465",20250430,20250430,4,3,5,1,1,3,0.96,4,4.4,0
"TCKT001466",20250804,20250807,9,7,4,1,1,2,57.35,24,3.1,1
"TCKT001467",20250612,20250613,19,6,2,4,1,2,8.48,4,1,1
"TCKT001468",20250925,20250926,4,3,5,2,3,2,22.73,4,1.5,1
"TCKT001469",20250211,20250211,16,7,2,3,1,3,3.8,12,4,0
"TCKT001470",20250210,20250210,16,7,7,1,3,3,11.43,12,1,0
"TCKT001471",20250514,20250515,13,5,8,1,1,1,14.66,48,3.4,0
"TCKT001472",20250719,20250719,8,2,2,1,1,3,1.34,72,2.5,0
"TCKT001473",20251128,20251128,3,3,1,2,1,2,14.91,1,4.1,1
"TCKT001474",20250104,20250105,11,7,8,2,1,1,12,8,4.5,1
"TCKT001475",20250616,20250616,7,6,8,1,3,3,2.01,2,4.1,1
"TCKT001476",20250907,20250908,7,6,6,4,1,3,16.49,2,2.1,1
"TCKT001477",20250629,20250630,11,7,2,4,3,1,18.99,8,3.7,1
"TCKT001478",20250623,20250623,19,6,7,4,3,3,0.57,4,3.7,0
"TCKT001479",20251104,20251108,18,1,1,1,3,3,107.49,72,4.3,1
"TCKT001480",20250424,20250429,12,3,8,1,3,1,141.06,2,1.2,1
"TCKT001481",20250905,0,13,5,2,1,4,3,,48,,0
"TCKT001482",20250816,20250816,7,6,4,3,1,2,7.73,2,1.5,1
"TCKT001483",20250521,20250523,15,6,4,1,1,1,45.49,8,3.4,1
"TCKT001484",20251130,20251130,2,2,5,4,3,2,1.65,1,4,1
"TCKT001485",20250917,20250917,9,7,4,3,1,2,1.06,24,4.4,0
"TCKT001486",20251126,0,11,7,4,4,4,2,,8,,0
"TCKT001487",20251130,20251130,17,4,2,4,3,2,0.97,8,2.6,0
"TCKT001488",20251124,20251124,13,5,5,1,3,1,4.71,48,1.2,0
"TCKT001489",20250827,20250827,17,4,4,1,1,2,14.95,8,3.4,1
"TCKT001490",20251104,20251104,13,5,5,1,3,2,10.48,48,2.2,0
"TCKT001491",20250930,20250930,17,4,5,4,1,1,1.05,8,4.8,0
"TCKT001492",20250905,20250905,20,4,6,2,1,3,14.82,12,1.8,1
"TCKT001493",20251103,20251103,2,2,7,2,3,1,2.16,1,4.9,1
"TCKT001494",20250221,20250225,12,3,8,1,3,3,95.47,2,1.6,1
"TCKT001495",20250104,20250104,14,1,7,1,3,2,2.06,48,1.2,0
"TCKT001496",20250430,20250430,12,3,2,4,1,2,3.56,2,1.3,1
"TCKT001497",20250604,20250604,2,2,5,3,3,3,0.71,1,4.7,0
"TCKT001498",20250715,20250715,9,7,1,1,1,2,4.88,24,1.6,0
"TCKT001499",20251004,20251006,1,1,8,3,3,2,34.53,1,3.6,1
"TCKT001500",20250917,20250920,1,1,5,2,3,2,64.68,1,2.8,1
"TCKT001501",20251028,20251028,4,3,6,3,1,3,3.78,4,4,0
"TCKT001502",20250106,20250107,1,1,6,4,1,3,14.15,1,1.9,1
"TCKT001503",20250202,20250202,17,4,3,1,3,3,2.28,8,1.6,0
"TCKT001504",20251025,20251026,18,1,6,3,1,3,14.39,72,3.1,0
"TCKT001505",20250113,20250117,7,6,7,4,3,3,76.32,2,4.6,1
"TCKT001506",20250909,20250910,8,2,3,2,3,3,11.99,72,1.6,0
"TCKT001507",20250808,0,20,4,1,1,2,2,,12,,0
"TCKT001508",20251021,0,4,3,3,1,2,2,,4,,0
"TCKT001509",20250730,20250803,15,6,7,3,3,2,88.34,8,2.1,1
"TCKT001510",20250902,20250902,6,5,7,1,1,3,8.76,24,1.4,0
"TCKT001511",20251127,0,15,6,3,1,6,1,,8,,0
"TCKT001512",20251013,20251019,2,2,6,4,3,2,125.47,1,3.1,1
"TCKT001513",20250119,20250119,2,2,1,2,3,3,2.12,1,4,1
"TCKT001514",20250121,20250121,5,4,6,1,3,3,7.76,4,1.2,1
"TCKT001515",20250311,20250311,12,3,4,4,1,1,3.87,2,3.8,1
"TCKT001516",20250715,0,3,3,7,4,4,3,,1,,0
"TCKT001517",20250322,20250323,8,2,2,1,1,1,14.05,72,4.9,0
"TCKT001518",20250207,0,17,4,1,1,4,1,,8,,0
"TCKT001519",20250918,20250919,3,3,4,1,1,1,7.26,1,3,1
"TCKT001520",20250602,20250602,19,6,3,2,3,3,0.61,4,3.8,0
"TCKT001521",20250310,20250310,18,1,4,4,3,1,2.21,72,1.8,0
"TCKT001522",20250605,20250605,3,3,1,3,1,1,3.34,1,3.5,1
"TCKT001523",20250917,20250917,20,4,3,1,1,1,0.94,12,2.8,0
"TCKT001524",20250622,0,9,7,6,3,6,1,,24,,0
"TCKT001525",20250617,20250619,14,1,4,4,3,1,60.31,48,4.4,1
"TCKT001526",20250608,20250608,2,2,8,1,1,3,2.79,1,2.5,1
"TCKT001527",20250124,20250124,17,4,6,3,3,2,0.63,8,3.1,0
"TCKT001528",20250929,20250930,5,4,3,2,1,2,9.19,4,3,1
"TCKT001529",20250217,20250218,5,4,6,4,3,3,2.66,4,3.9,0
"TCKT001530",20251121,20251125,1,1,2,2,1,1,77.99,1,3.5,1
"TCKT001531",20250907,20250908,7,6,6,4,3,1,12.73,2,3.5,1
"TCKT001532",20250202,20250203,19,6,6,3,3,3,9.23,4,3,1
"TCKT001533",20250401,20250405,10,2,7,3,1,3,79.87,2,1.5,1
"TCKT001534",20250324,20250325,7,6,5,2,3,1,24.22,2,2.4,1
"TCKT001535",20250319,20250319,13,5,2,2,1,1,6.64,48,4.9,0
"TCKT001536",20250709,0,7,6,1,1,2,2,,2,,0
"TCKT001537",20250330,20250330,6,5,3,1,3,3,2.41,24,4.8,0
"TCKT001538",20250321,20250321,5,4,6,2,3,2,8.92,4,4.7,1
"TCKT001539",20250415,20250415,9,7,1,1,3,2,13.33,24,1.8,0
"TCKT001540",20251028,20251102,20,4,1,1,3,3,124.1,12,3.6,1
"TCKT001541",20250217,20250219,18,1,3,3,1,1,46.97,72,3.2,0
"TCKT001542",20250214,20250215,15,6,2,1,1,3,13.93,8,2.8,1
"TCKT001543",20250120,20250120,4,3,4,1,3,1,2.39,4,3.4,0
"TCKT001544",20250816,20250817,14,1,5,4,3,3,3.92,48,1.3,0
"TCKT001545",20250226,0,17,4,3,1,5,2,,8,,0
"TCKT001546",20250208,20250209,19,6,5,2,1,3,13.18,4,3.6,1
"TCKT001547",20250504,20250507,6,5,8,4,1,2,63.64,24,1.1,1
"TCKT001548",20251008,20251008,8,2,2,3,3,3,3.79,72,3.9,0
"TCKT001549",20250912,20250912,20,4,4,2,3,3,12.84,12,4.8,1
"TCKT001550",20251128,20251128,20,4,4,4,1,2,1,12,3.8,0
"TCKT001551",20250116,20250117,8,2,7,2,1,3,23.46,72,2.8,0
"TCKT001552",20250624,20250626,1,1,5,2,3,2,69.56,1,1.4,1
"TCKT001553",20251003,20251003,14,1,7,1,3,3,1.05,48,4.8,0
"TCKT001554",20250124,20250125,14,1,1,4,1,1,21.22,48,4.2,0
"TCKT001555",20250211,20250214,1,1,7,2,3,1,60.77,1,2.5,1
"TCKT001556",20250717,20250717,5,4,3,2,1,1,4.38,4,2.7,1
"TCKT001557",20250714,20250714,2,2,4,2,1,2,13.05,1,4.5,1
"TCKT001558",20250213,20250213,9,7,5,2,3,2,19.15,24,2.4,0
"TCKT001559",20250604,0,6,5,6,4,4,3,,24,,0
"TCKT001560",20250212,20250212,6,5,3,4,1,3,6.31,24,4.3,0
"TCKT001561",20250417,20250418,2,2,7,3,3,1,29.86,1,4.4,1
"TCKT001562",20250103,0,19,6,6,4,4,2,,4,,0
"TCKT001563",20250819,20250820,1,1,5,4,1,3,8.56,1,3.5,1
"TCKT001564",20250828,20250828,18,1,1,2,3,1,6.9,72,2.5,0
"TCKT001565",20250621,20250624,12,3,3,4,3,2,77.25,2,2.8,1
"TCKT001566",20250925,20250926,6,5,8,1,3,3,14.07,24,5,0
"TCKT001567",20250609,20250610,20,4,8,1,3,1,17.12,12,4.9,1
"TCKT001568",20250119,20250119,5,4,1,4,1,3,2.4,4,4.8,0
"TCKT001569",20250112,20250112,10,2,2,2,1,1,1.77,2,2.1,0
"TCKT001570",20251013,20251014,11,7,7,4,1,2,22.01,8,3.3,1
"TCKT001571",20250625,20250625,17,4,7,4,1,3,1.6,8,4.4,0
"TCKT001572",20251022,20251023,14,1,1,4,1,1,23.34,48,3,0
"TCKT001573",20250331,20250331,4,3,1,2,3,1,1.44,4,4.6,0
"TCKT001574",20250105,20250106,1,1,4,2,3,1,38.65,1,1.5,1
"TCKT001575",20250320,20250322,10,2,5,3,1,2,70.15,2,2.7,1
"TCKT001576",20250726,20250726,19,6,7,2,3,1,1.96,4,4.7,0
"TCKT001577",20250713,0,16,7,4,2,4,1,,12,,0
"TCKT001578",20251012,20251013,14,1,2,2,1,2,22.11,48,1.4,0
"TCKT001579",20250211,20250212,15,6,4,2,1,1,28.03,8,3.5,1
"TCKT001580",20250620,20250624,9,7,7,2,3,1,89.66,24,4.3,1
"TCKT001581",20250927,20250927,14,1,2,4,1,2,10.28,48,3,0
"TCKT001582",20250512,20250513,5,4,4,3,3,3,18.01,4,1.8,1
"TCKT001583",20250627,20250627,13,5,3,3,1,2,3.89,48,1.5,0
"TCKT001584",20251030,20251101,18,1,7,3,3,2,41.71,72,2.5,0
"TCKT001585",20251108,0,12,3,3,1,2,2,,2,,0
"TCKT001586",20251124,20251124,14,1,6,3,1,1,1.25,48,2.6,0
"TCKT001587",20251109,20251109,19,6,5,3,3,1,6.89,4,5,1
"TCKT001588",20250924,0,3,3,4,1,6,3,,1,,0
"TCKT001589",20250629,20250630,14,1,4,2,1,1,12.16,48,2.9,0
"TCKT001590",20251011,20251011,11,7,5,2,3,2,2.23,8,3,0
"TCKT001591",20250405,0,3,3,3,1,4,1,,1,,0
"TCKT001592",20250310,0,17,4,5,3,4,2,,8,,0
"TCKT001593",20250414,20250414,10,2,1,1,1,3,13.27,2,2.2,1
"TCKT001594",20251109,20251111,14,1,6,3,3,2,43.66,48,4.9,0
"TCKT001595",20251114,20251114,4,3,3,3,3,1,17.62,4,4.4,1
"TCKT001596",20250523,20250528,16,7,3,2,1,1,119.98,12,2.5,1
"TCKT001597",20250105,20250107,20,4,6,4,1,1,34.15,12,3.4,1
"TCKT001598",20250605,20250611,2,2,6,3,3,3,133.38,1,1.3,1
"TCKT001599",20251024,20251024,19,6,4,3,3,2,3.75,4,2.9,0
"TCKT001600",20250518,20250519,3,3,6,2,3,1,10.69,1,2.7,1
"TCKT001601",20250203,20250203,11,7,1,1,3,3,3.17,8,4.8,0
"TCKT001602",20250607,20250607,16,7,5,4,1,3,2.97,12,4.1,0
"TCKT001603",20250118,0,8,2,6,4,6,1,,72,,0
"TCKT001604",20251017,20251017,5,4,5,3,1,3,1.07,4,1.6,0
"TCKT001605",20250115,20250115,11,7,5,3,3,3,6.28,8,2.6,0
"TCKT001606",20251111,20251111,12,3,4,4,3,1,9.17,2,4,1
"TCKT001607",20251114,20251116,20,4,5,3,3,3,33.38,12,3,1
"TCKT001608",20250312,20250312,18,1,1,1,3,1,1.92,72,4.7,0
"TCKT001609",20251115,20251115,19,6,6,2,3,2,1.51,4,1.8,0
"TCKT001610",20251127,20251129,11,7,4,4,3,2,31.06,8,4,1
"TCKT001611",20250520,20250521,17,4,8,1,3,2,8.21,8,2.7,1
"TCKT001612",20251121,20251121,2,2,3,3,3,2,0.83,1,2,0
"TCKT001613",20251127,20251127,20,4,8,2,1,1,1.19,12,3.6,0
"TCKT001614",20250621,20250625,1,1,2,3,3,1,82.02,1,2.9,1
"TCKT001615",20250610,20250610,16,7,7,4,1,1,0.92,12,4,0
"TCKT001616",20251107,20251107,10,2,4,4,3,1,3.62,2,3.7,1
"TCKT001617",20251111,20251112,1,1,4,4,1,1,34.01,1,2.3,1
"TCKT001618",20250127,20250127,18,1,6,1,3,1,1.44,72,4.5,0
"TCKT001619",20251104,20251104,17,4,5,4,3,2,16.27,8,3,1
"TCKT001620",20251109,20251110,19,6,4,3,1,1,22.14,4,4.4,1
"TCKT001621",20250103,20250103,13,5,5,3,1,1,15.44,48,2.4,0
"TCKT001622",20251106,20251106,1,1,7,2,3,2,3.59,1,3.9,1
"TCKT001623",20250917,20250923,1,1,7,2,3,2,135,1,3.6,1
"TCKT001624",20251031,20251102,20,4,7,4,1,1,40.21,12,3.1,1
"TCKT001625",20250422,20250422,12,3,6,4,3,1,2.96,2,2.7,1
"TCKT001626",20250208,20250209,15,6,4,4,1,3,25.86,8,3.2,1
"TCKT001627",20250303,20250303,7,6,4,1,3,1,1.78,2,5,0
"TCKT001628",20250224,20250224,1,1,4,3,1,2,1.61,1,1,1
"TCKT001629",20250821,20250821,12,3,5,4,3,3,11,2,2.1,1
"TCKT001630",20250118,20250119,12,3,7,4,3,1,6.13,2,3.2,1
"TCKT001631",20250912,20250915,11,7,3,1,1,1,72.02,8,2.4,1
"TCKT001632",20250611,20250613,10,2,8,4,1,3,37.65,2,3.9,1
"TCKT001633",20251019,20251019,6,5,4,1,3,2,1.26,24,4.6,0
"TCKT001634",20250401,20250402,13,5,6,1,1,2,40.08,48,3.7,0
"TCKT001635",20250228,20250301,1,1,2,1,3,2,15.97,1,3.5,1
"TCKT001636",20250405,20250406,18,1,1,4,1,1,14.11,72,2.4,0
"TCKT001637",20250421,0,19,6,3,1,4,2,,4,,0
"TCKT001638",20251020,20251020,3,3,2,3,3,3,1.33,1,3.5,1
"TCKT001639",20250531,20250605,6,5,6,4,3,3,113.62,24,1.7,1
"TCKT001640",20250827,20250827,7,6,1,1,1,2,1.47,2,3.5,0
"TCKT001641",20250612,20250612,12,3,1,1,3,3,5.68,2,1.5,1
"TCKT001642",20250608,20250609,12,3,8,3,1,2,40.03,2,3.5,1
"TCKT001643",20250808,20250809,5,4,5,4,3,2,21.05,4,4.4,1
"TCKT001644",20250207,20250207,16,7,8,2,1,3,0.59,12,3.2,0
"TCKT001645",20250207,20250207,5,4,3,2,1,1,1.88,4,2.3,0
"TCKT001646",20250127,20250129,18,1,5,4,1,3,47.34,72,3.1,0
"TCKT001647",20250528,20250529,19,6,6,2,3,1,10.86,4,3.6,1
"TCKT001648",20250228,20250228,17,4,5,2,1,2,1.3,8,2,0
"TCKT001649",20250123,20250123,9,7,3,3,3,2,3.32,24,4.9,0
"TCKT001650",20250818,20250819,15,6,6,2,3,2,12.37,8,4.6,1
"TCKT001651",20251004,20251006,1,1,6,2,3,3,49.48,1,4.6,1
"TCKT001652",20250823,20250825,9,7,2,2,1,2,44.37,24,2,1
"TCKT001653",20250309,20250309,15,6,2,3,1,3,6.35,8,2.3,0
"TCKT001654",20250427,20250427,4,3,4,1,3,2,7.99,4,3.3,1
"TCKT001655",20250217,20250218,14,1,2,1,3,2,10.32,48,3,0
"TCKT001656",20250811,20250811,15,6,3,3,1,3,2.71,8,2.8,0
"TCKT001657",20251029,20251029,6,5,2,3,1,2,1.32,24,1,0
"TCKT001658",20251108,0,19,6,3,4,4,2,,4,,0
"TCKT001659",20250628,20250630,15,6,3,3,1,3,37.23,8,1.8,1
"TCKT001660",20250308,20250312,4,3,2,1,1,2,114.38,4,2.8,1
"TCKT001661",20251126,20251126,4,3,8,2,1,2,1.64,4,3.7,0
"TCKT001662",20250825,20250825,11,7,1,4,1,2,5.87,8,1.4,0
"TCKT001663",20250502,20250504,13,5,7,1,3,3,35.11,48,1.4,0
"TCKT001664",20250408,20250408,5,4,6,1,3,1,8.38,4,1,1
"TCKT001665",20250102,20250104,19,6,4,2,3,1,32.9,4,4.3,1
"TCKT001666",20250523,0,16,7,4,3,4,3,,12,,0
"TCKT001667",20250204,20250204,10,2,6,1,3,1,1.89,2,2.6,0
"TCKT001668",20250219,20250220,1,1,7,3,3,2,3.79,1,2.7,1
"TCKT001669",20250802,0,8,2,4,3,5,1,,72,,0
"TCKT001670",20250202,20250203,13,5,8,1,3,2,7.56,48,4.5,0
"TCKT001671",20250921,20250923,13,5,8,1,1,3,40.95,48,2.3,0
"TCKT001672",20250112,20250112,10,2,1,1,3,3,1.33,2,4.1,0
"TCKT001673",20251025,20251029,14,1,7,4,3,1,107.24,48,4.5,1
"TCKT001674",20250920,20250920,3,3,4,4,3,3,9.78,1,3.2,1
"TCKT001675",20250222,20250222,15,6,6,4,3,3,3.29,8,1.6,0
"TCKT001676",20250104,20250107,13,5,1,1,1,1,80.75,48,2.6,1
"TCKT001677",20250615,20250615,19,6,5,2,1,2,5.34,4,3.8,1
"TCKT001678",20250416,20250417,18,1,2,2,1,3,1.96,72,1.8,0
"TCKT001679",20250513,20250516,2,2,1,4,1,3,55.57,1,3.2,1
"TCKT001680",20250924,20250924,16,7,7,2,3,1,2.37,12,1.5,0
"TCKT001681",20250721,20250725,15,6,2,2,1,2,88.14,8,3.6,1
"TCKT001682",20250119,20250120,19,6,1,4,1,2,23.62,4,4.4,1
"TCKT001683",20250616,20250616,7,6,3,2,3,3,1.58,2,4.9,0
"TCKT001684",20251008,20251008,11,7,8,2,3,2,0.82,8,5,0
"TCKT001685",20250923,20250923,13,5,2,1,3,2,1.43,48,2.4,0
"TCKT001686",20251130,20251130,1,1,7,1,1,1,3.85,1,3.6,1
"TCKT001687",20250109,20250110,14,1,6,4,3,3,27.2,48,3.7,0
"TCKT001688",20251029,20251030,16,7,4,1,1,2,28.67,12,4.2,1
"TCKT001689",20250313,20250313,16,7,6,1,3,1,8.67,12,2.2,0
"TCKT001690",20250905,20250905,13,5,6,2,1,2,1.57,48,3.1,0
"TCKT001691",20251117,20251118,18,1,7,1,3,3,9.57,72,4.5,0
"TCKT001692",20251122,20251123,1,1,8,4,1,2,23.11,1,4.2,1
"TCKT001693",20250128,20250128,18,1,3,1,1,2,1.45,72,2.7,0
"TCKT001694",20251104,20251110,6,5,8,3,1,1,122.27,24,1.5,1
"TCKT001695",20250805,20250807,5,4,5,4,1,2,34.14,4,3.2,1
"TCKT001696",20251016,20251016,7,6,4,3,1,2,7.49,2,3.1,1
"TCKT001697",20250411,20250412,10,2,3,3,1,2,1.77,2,3.1,0
"TCKT001698",20250520,20250520,2,2,6,1,3,3,19.96,1,2.5,1
"TCKT001699",20250818,20250818,16,7,5,4,3,1,0.94,12,3.9,0
"TCKT001700",20251009,20251009,17,4,4,4,3,2,3.21,8,3.4,0
"TCKT001701",20250222,20250222,18,1,6,1,3,2,0.57,72,1.4,0
"TCKT001702",20250206,20250207,18,1,6,2,1,1,4.65,72,3.1,0
"TCKT001703",20250114,20250116,5,4,5,4,3,2,49.44,4,3.2,1
"TCKT001704",20250918,0,20,4,6,2,5,2,,12,,0
"TCKT001705",20251027,20251027,15,6,6,2,1,1,1.44,8,2.1,0
"TCKT001706",20251007,20251007,2,2,8,4,1,2,12.09,1,2.5,1
"TCKT001707",20250704,20250705,11,7,5,1,3,2,15.8,8,2.3,1
"TCKT001708",20250525,20250525,15,6,7,3,3,1,0.75,8,2.4,0
"TCKT001709",20250914,20250914,1,1,1,4,1,3,15.73,1,4.9,1
"TCKT001710",20250822,20250822,20,4,6,4,1,1,1.02,12,5,0
"TCKT001711",20250327,20250330,6,5,7,2,1,1,77.5,24,4.9,1
"TCKT001712",20250409,20250412,12,3,6,3,3,1,56.21,2,1.4,1
"TCKT001713",20250413,20250414,8,2,5,1,3,1,23.06,72,4.1,0
"TCKT001714",20250712,20250713,11,7,6,3,1,1,24.76,8,3.4,1
"TCKT001715",20250309,20250310,8,2,3,4,1,2,8.45,72,4.9,0
"TCKT001716",20250430,20250501,13,5,1,1,3,3,5.12,48,4.3,0
"TCKT001717",20251109,20251109,7,6,7,3,3,1,7.16,2,2.5,1
"TCKT001718",20250702,20250702,11,7,5,1,3,2,1.92,8,2.4,0
"TCKT001719",20250812,20250813,13,5,3,1,3,1,9.92,48,4.4,0
"TCKT001720",20251120,20251122,19,6,4,4,1,3,41.17,4,3.3,1
"TCKT001721",20250922,20250928,17,4,5,4,1,2,129.62,8,4.1,1
"TCKT001722",20250510,20250511,14,1,8,1,3,3,21.53,48,3,0
"TCKT001723",20251014,20251014,6,5,5,1,1,3,10.88,24,1.9,0
"TCKT001724",20250706,20250706,15,6,4,2,3,3,12.4,8,4.8,1
"TCKT001725",20250330,20250403,6,5,3,4,3,2,95.86,24,1.1,1
"TCKT001726",20250606,20250608,19,6,6,4,3,1,47.23,4,3.5,1
"TCKT001727",20250501,20250506,4,3,3,4,3,3,111.34,4,4.3,1
"TCKT001728",20251002,20251003,14,1,4,4,1,3,7.39,48,4.7,0
"TCKT001729",20250216,20250219,6,5,7,2,1,2,66.24,24,1.7,1
"TCKT001730",20250603,20250603,2,2,1,4,1,1,1.44,1,1.8,1
"TCKT001731",20250403,20250404,8,2,5,1,1,1,19.24,72,2.7,0
"TCKT001732",20250225,0,18,1,6,1,2,1,,72,,0
"TCKT001733",20250420,20250420,16,7,5,1,3,3,9.67,12,4.5,0
"TCKT001734",20251031,20251031,12,3,5,1,1,3,5.67,2,3.9,1
"TCKT001735",20250421,0,8,2,2,1,2,2,,72,,0
"TCKT001736",20250120,20250120,12,3,7,3,1,2,9.61,2,4.2,1
"TCKT001737",20250630,20250630,19,6,7,2,1,1,2.71,4,3.1,0
"TCKT001738",20250619,20250623,8,2,1,1,1,2,100.4,72,4.5,1
"TCKT001739",20250812,20250812,11,7,3,1,3,1,3.27,8,3.6,0
"TCKT001740",20251128,20251128,4,3,7,2,3,1,5.48,4,1.9,1
"TCKT001741",20251108,20251109,7,6,7,4,1,2,18.61,2,3.5,1
"TCKT001742",20251102,20251103,3,3,7,4,1,1,8.93,1,1.2,1
"TCKT001743",20250814,0,1,1,8,4,2,2,,1,,0
"TCKT001744",20251028,20251028,15,6,4,1,3,2,6.62,8,2.1,0
"TCKT001745",20250323,0,4,3,5,4,5,2,,4,,0
"TCKT001746",20250707,20250707,13,5,6,2,3,1,1.68,48,1.8,0
"TCKT001747",20250318,20250318,20,4,4,2,3,3,7.63,12,4.3,0
"TCKT001748",20251010,20251010,1,1,8,4,3,1,11.21,1,2.3,1
"TCKT001749",20250811,20250814,7,6,2,1,3,2,84.43,2,3.3,1
"TCKT001750",20250427,20250427,14,1,4,3,3,2,1.24,48,2.1,0
"TCKT001751",20250514,20250514,9,7,6,3,3,2,1.74,24,1.2,0
"TCKT001752",20251020,20251020,15,6,1,1,1,1,9.3,8,1.1,1
"TCKT001753",20250331,20250331,8,2,5,2,3,1,10.17,72,4.7,0
"TCKT001754",20250310,20250312,12,3,6,4,1,1,52.37,2,3.7,1
"TCKT001755",20250408,20250410,12,3,4,4,3,1,49.77,2,3.7,1
"TCKT001756",20251101,0,7,6,8,4,6,2,,2,,0
"TCKT001757",20250509,20250509,3,3,2,3,3,2,1.19,1,4.1,1
"TCKT001758",20250830,20250830,7,6,4,3,1,3,1.6,2,2.8,0
"TCKT001759",20250826,20250827,16,7,5,3,3,2,13.51,12,3.7,1
"TCKT001760",20250623,20250623,7,6,2,4,3,1,7.67,2,2.8,1
"TCKT001761",20250922,20250922,2,2,1,2,3,2,3.47,1,3.5,1
"TCKT001762",20250827,20250827,9,7,8,1,3,2,1.84,24,3.3,0
"TCKT001763",20250324,20250324,11,7,4,4,1,1,8.73,8,2.8,1
"TCKT001764",20250405,20250405,15,6,2,4,1,1,16.44,8,2.7,1
"TCKT001765",20250208,20250208,18,1,5,2,1,3,7.08,72,2.4,0
"TCKT001766",20250731,20250731,5,4,4,1,1,1,13.89,4,2.4,1
"TCKT001767",20250825,20250825,2,2,2,4,3,2,2.34,1,3.5,1
"TCKT001768",20250816,20250816,5,4,5,4,1,2,10.2,4,4.1,1
"TCKT001769",20250708,20250708,13,5,4,3,3,1,3.26,48,3,0
"TCKT001770",20250831,20250831,6,5,4,1,1,2,10.31,24,3,0
"TCKT001771",20250908,20250909,3,3,7,1,1,3,10.55,1,1.2,1
"TCKT001772",20250530,20250601,8,2,6,3,3,2,56.32,72,2.6,0
"TCKT001773",20250320,20250321,11,7,5,1,3,2,7.65,8,3.8,0
"TCKT001774",20251114,20251114,10,2,5,1,3,2,9.79,2,2.3,1
"TCKT001775",20250306,20250306,5,4,6,4,1,3,3.48,4,3.8,0
"TCKT001776",20251122,20251122,19,6,7,1,1,2,2.01,4,3.2,0
"TCKT001777",20251029,20251029,4,3,4,2,1,1,13.77,4,1.3,1
"TCKT001778",20250804,20250805,8,2,1,3,3,2,0.85,72,2.1,0
"TCKT001779",20250110,20250110,13,5,2,4,3,2,17.38,48,1.8,0
"TCKT001780",20250118,20250121,17,4,2,1,3,2,54.99,8,2.7,1
"TCKT001781",20250625,20250625,16,7,1,2,3,2,1.39,12,1.2,0
"TCKT001782",20250203,20250203,3,3,4,2,1,2,1.37,1,2.1,1
"TCKT001783",20250408,20250408,1,1,8,2,1,3,1.1,1,3.1,1
"TCKT001784",20251117,20251117,10,2,3,2,1,3,5.7,2,3.7,1
"TCKT001785",20250503,20250504,10,2,5,2,1,2,4.14,2,2.4,1
"TCKT001786",20250102,0,15,6,1,1,6,2,,8,,0
"TCKT001787",20251016,0,6,5,1,3,5,2,,24,,0
"TCKT001788",20250504,20250504,11,7,4,1,3,3,2.45,8,2,0
"TCKT001789",20250119,20250120,13,5,2,2,3,2,43.76,48,1.4,0
"TCKT001790",20250614,20250614,10,2,4,3,1,3,6.15,2,4.7,1
"TCKT001791",20250326,20250326,1,1,7,2,1,1,9.58,1,3.9,1
"TCKT001792",20250623,20250623,19,6,1,4,3,2,1.45,4,4.7,0
"TCKT001793",20250806,20250807,20,4,6,2,3,3,36.91,12,4.2,1
"TCKT001794",20251122,20251122,14,1,2,1,3,3,3.24,48,3.8,0
"TCKT001795",20250504,20250506,4,3,5,2,1,2,46.07,4,1.1,1
"TCKT001796",20251020,20251022,17,4,3,4,3,2,38.35,8,4.8,1
"TCKT001797",20250703,20250703,8,2,2,4,1,3,0.77,72,1.7,0
"TCKT001798",20250215,20250215,15,6,3,4,1,1,7.38,8,3.5,0
"TCKT001799",20250921,20250927,5,4,2,2,3,2,134.14,4,3.6,1
"TCKT001800",20250309,0,20,4,6,1,6,2,,12,,0
"TCKT001801",20250818,20250819,12,3,1,4,3,3,18.64,2,1.8,1
"TCKT001802",20250203,20250203,16,7,4,2,3,3,1.4,12,3.2,0
"TCKT001803",20250303,20250303,17,4,5,4,3,3,1,8,3,0
"TCKT001804",20250224,20250225,12,3,7,2,1,3,15.86,2,2.3,1
"TCKT001805",20250825,20250825,6,5,3,4,3,2,3.84,24,3.3,0
"TCKT001806",20250830,20250831,13,5,5,1,3,3,21.3,48,3.2,0
"TCKT001807",20250326,20250327,3,3,3,1,3,3,6.22,1,1.5,1
"TCKT001808",20250918,0,15,6,1,1,5,3,,8,,0
"TCKT001809",20251125,20251125,12,3,8,4,1,2,1.23,2,4.9,0
"TCKT001810",20250911,20250911,10,2,2,3,1,1,4.63,2,4.8,1
"TCKT001811",20250509,20250513,16,7,8,1,3,2,95.93,12,4.9,1
"TCKT001812",20250816,20250816,20,4,1,3,1,2,2.84,12,2.7,0
"TCKT001813",20250505,20250505,8,2,3,2,3,2,5.74,72,2.1,0
"TCKT001814",20250731,0,19,6,7,2,2,1,,4,,0
"TCKT001815",20251027,20251027,9,7,5,4,3,2,2.55,24,1.8,0
"TCKT001816",20250120,20250122,2,2,1,3,3,3,47.71,1,2.4,1
"TCKT001817",20250120,20250120,12,3,8,3,3,1,9.24,2,3.7,1
"TCKT001818",20250723,20250723,5,4,1,1,3,1,1.7,4,3.8,0
"TCKT001819",20250913,20250917,16,7,8,1,3,3,88.16,12,3.5,1
"TCKT001820",20250721,20250721,17,4,7,1,1,2,1.66,8,1.9,0
"TCKT001821",20250217,20250217,9,7,8,1,3,3,1.94,24,2.4,0
"TCKT001822",20250420,20250424,3,3,5,3,1,3,103.14,1,4.5,1
"TCKT001823",20250331,20250331,3,3,3,4,3,2,0.53,1,1.5,0
"TCKT001824",20250406,20250406,19,6,8,3,3,2,1.49,4,3.4,0
"TCKT001825",20250915,20250915,12,3,5,1,1,3,0.97,2,1.9,0
"TCKT001826",20250426,20250430,20,4,3,1,3,1,96.14,12,1.5,1
"TCKT001827",20251019,20251019,8,2,4,2,1,3,17,72,4.3,0
"TCKT001828",20251006,20251009,4,3,1,3,1,2,72.71,4,2.2,1
"TCKT001829",20250903,20250903,4,3,2,4,1,2,1.69,4,1.8,0
"TCKT001830",20250607,20250607,9,7,6,3,3,1,1.32,24,3.7,0
"TCKT001831",20250507,20250507,2,2,4,3,3,3,5.95,1,1.6,1
"TCKT001832",20251125,0,6,5,6,2,5,1,,24,,0
"TCKT001833",20251011,20251012,6,5,8,3,1,3,22.75,24,2,0
"TCKT001834",20250219,20250219,12,3,3,3,1,3,1.23,2,4.8,0
"TCKT001835",20250731,0,12,3,5,2,6,2,,2,,0
"TCKT001836",20251020,0,1,1,7,4,6,1,,1,,0
"TCKT001837",20250302,20250303,15,6,2,1,3,3,14.1,8,3.4,1
"TCKT001838",20250612,20250613,14,1,1,2,1,2,6.94,48,2,0
"TCKT001839",20250104,20250104,3,3,3,1,3,3,1.66,1,2.3,1
"TCKT001840",20250824,20250825,12,3,4,2,3,1,10.81,2,3.4,1
"TCKT001841",20251106,0,7,6,2,4,5,1,,2,,0
"TCKT001842",20250429,20250501,5,4,4,3,1,3,59.93,4,2.6,1
"TCKT001843",20251023,20251023,16,7,6,2,3,2,0.56,12,1.6,0
"TCKT001844",20250130,20250130,10,2,6,4,1,2,0.93,2,1.3,0
"TCKT001845",20250203,20250203,6,5,7,2,1,3,2.59,24,3.9,0
"TCKT001846",20250619,20250620,4,3,6,1,3,1,15.43,4,3.6,1
"TCKT001847",20250902,20250902,4,3,8,2,1,1,13.99,4,4.3,1
"TCKT001848",20251026,20251027,5,4,6,3,3,1,15.79,4,1.4,1
"TCKT001849",20251020,20251020,8,2,5,4,3,1,3.86,72,1.8,0
"TCKT001850",20250809,20250809,15,6,5,3,1,2,4.17,8,3.5,0
"TCKT001851",20250405,20250406,20,4,3,1,1,1,10.17,12,1.5,0
"TCKT001852",20250102,20250103,13,5,6,3,1,2,23.37,48,1.4,0
"TCKT001853",20250324,20250324,9,7,5,1,3,2,1.09,24,1.3,0
"TCKT001854",20250613,20250614,14,1,8,2,3,3,13.17,48,2.5,0
"TCKT001855",20250102,20250102,18,1,6,1,3,1,1.28,72,1.4,0
"TCKT001856",20250507,20250509,8,2,1,3,3,2,38.26,72,3.5,0
"TCKT001857",20251015,20251015,14,1,7,1,1,3,1.35,48,3.3,0
"TCKT001858",20250305,20250305,3,3,8,2,3,1,10.49,1,2.7,1
"TCKT001859",20250802,20250802,10,2,6,1,3,2,7.8,2,1.7,1
"TCKT001860",20250925,20250925,5,4,5,3,3,1,1.96,4,1.2,0
"TCKT001861",20250427,20250427,15,6,2,1,3,3,8.92,8,2.9,1
"TCKT001862",20250531,20250531,1,1,8,3,1,1,3.27,1,2.7,1
"TCKT001863",20250717,20250722,6,5,6,3,3,3,124.47,24,3.5,1
"TCKT001864",20250710,0,7,6,1,3,6,2,,2,,0
"TCKT001865",20250201,0,17,4,5,1,6,1,,8,,0
"TCKT001866",20250719,20250719,8,2,8,4,1,3,12.1,72,2,0
"TCKT001867",20250122,20250122,16,7,1,2,1,3,1.33,12,1.9,0
"TCKT001868",20250214,20250217,11,7,2,2,1,1,66.07,8,2.4,1
"TCKT001869",20250925,0,7,6,4,4,5,2,,2,,0
"TCKT001870",20250420,20250420,9,7,8,2,1,3,7.61,24,2.3,0
"TCKT001871",20250620,20250621,10,2,1,2,3,1,20.78,2,2.6,1
"TCKT001872",20250108,20250108,16,7,4,2,1,1,2.2,12,2.4,0
"TCKT001873",20250922,20250927,4,3,7,4,3,3,129.78,4,3.9,1
"TCKT001874",20250524,20250527,3,3,3,1,1,2,71.99,1,3.3,1
"TCKT001875",20250222,20250222,20,4,1,4,1,1,6.81,12,4.8,0
"TCKT001876",20251111,20251112,18,1,3,3,1,3,28.67,72,4.2,0
"TCKT001877",20250925,20250929,5,4,2,4,1,3,115.62,4,3.2,1
"TCKT001878",20250221,20250221,4,3,5,4,3,2,6.4,4,4.7,1
"TCKT001879",20250102,20250102,1,1,1,2,1,2,0.97,1,5,0
"TCKT001880",20250508,20250508,14,1,5,1,1,3,3.91,48,3.7,0
"TCKT001881",20250410,20250410,11,7,5,3,3,1,5.87,8,3.5,0
"TCKT001882",20250404,20250404,17,4,8,3,3,3,1.47,8,2.1,0
"TCKT001883",20250627,20250628,18,1,1,2,1,3,7.04,72,3.1,0
"TCKT001884",20251129,20251130,7,6,7,2,3,2,32.27,2,3.5,1
"TCKT001885",20250516,20250518,15,6,8,1,3,2,41.69,8,3.9,1
"TCKT001886",20250505,20250505,13,5,6,4,1,3,1.16,48,2.2,0
"TCKT001887",20250609,20250609,12,3,8,4,3,2,2.62,2,4.9,1
"TCKT001888",20251019,20251020,16,7,8,3,1,2,2.46,12,1.5,0
"TCKT001889",20250726,20250730,1,1,6,2,3,3,85.62,1,3.8,1
"TCKT001890",20250203,20250203,3,3,2,2,3,1,1.39,1,4.4,1
"TCKT001891",20250312,20250312,18,1,3,4,1,2,11.51,72,1.2,0
"TCKT001892",20250107,20250107,5,4,6,4,1,3,7.23,4,3.9,1
"TCKT001893",20250908,20250908,18,1,3,1,3,1,5.82,72,1.6,0
"TCKT001894",20251122,20251122,5,4,4,1,1,1,13.42,4,1,1
"TCKT001895",20250811,20250811,11,7,5,4,3,3,7.17,8,4,0
"TCKT001896",20250627,20250630,8,2,7,4,3,2,89.9,72,3.7,1
"TCKT001897",20251116,20251118,7,6,7,2,3,1,47.05,2,1.7,1
"TCKT001898",20250528,0,20,4,5,2,2,2,,12,,0
"TCKT001899",20250215,20250215,9,7,1,1,3,3,1.31,24,3.4,0
"TCKT001900",20250124,20250125,10,2,7,4,3,3,10.76,2,1.1,1
"TCKT001901",20250906,20250907,3,3,6,2,3,1,4.94,1,2.6,1
"TCKT001902",20250214,20250215,5,4,5,4,3,1,42,4,2.1,1
"TCKT001903",20251012,20251012,4,3,2,1,1,2,4.79,4,3.1,1
"TCKT001904",20250717,20250717,8,2,1,4,3,1,0.97,72,4.5,0
"TCKT001905",20251120,20251120,11,7,1,2,3,3,1.08,8,2.4,0
"TCKT001906",20250225,20250226,10,2,6,1,3,2,19.81,2,4.5,1
"TCKT001907",20251124,20251124,12,3,3,4,3,2,1.34,2,3.3,0
"TCKT001908",20250911,20250911,16,7,7,2,3,3,0.62,12,1.8,0
"TCKT001909",20251110,20251112,19,6,6,3,3,3,43.07,4,3.7,1
"TCKT001910",20250628,20250702,11,7,2,3,3,3,95.11,8,4.6,1
"TCKT001911",20251026,20251029,11,7,2,1,3,1,65.22,8,3.4,1
"TCKT001912",20250915,20250915,6,5,8,2,3,1,15.13,24,2.5,0
"TCKT001913",20251103,20251107,20,4,4,1,1,3,81.05,12,1.4,1
"TCKT001914",20250412,20250413,16,7,8,3,1,1,9.88,12,2.6,0
"TCKT001915",20250613,20250614,17,4,1,4,1,3,7.63,8,2,0
"TCKT001916",20250731,20250731,16,7,4,4,3,3,8.82,12,3.8,0
"TCKT001917",20250419,20250419,2,2,2,3,3,2,19.39,1,4,1
"TCKT001918",20250427,20250427,15,6,2,2,3,2,1.57,8,1.9,0
"TCKT001919",20250504,20250505,1,1,4,4,3,1,22.63,1,1.5,1
"TCKT001920",20250603,20250604,11,7,3,3,1,1,30.08,8,1.8,1
"TCKT001921",20250427,20250427,3,3,6,1,1,1,3.88,1,3.4,1
"TCKT001922",20250208,20250210,15,6,1,2,1,1,42.35,8,3.7,1
"TCKT001923",20250609,20250609,12,3,1,3,1,2,1.08,2,1.1,0
"TCKT001924",20250226,20250228,9,7,2,2,1,3,45.95,24,3.2,1
"TCKT001925",20250406,20250407,16,7,8,4,1,3,6.18,12,4.6,0
"TCKT001926",20250927,20250927,6,5,2,3,3,1,5.59,24,3.2,0
"TCKT001927",20250717,20250717,18,1,5,3,3,3,6.62,72,2.7,0
"TCKT001928",20250409,20250410,14,1,5,4,3,2,31.68,48,4.5,0
"TCKT001929",20250903,20250903,8,2,5,3,1,2,4.32,72,1.6,0
"TCKT001930",20250630,20250630,9,7,1,2,1,1,2.91,24,4.8,0
"TCKT001931",20250327,20250328,3,3,5,1,1,3,10.55,1,2,1
"TCKT001932",20251027,20251030,18,1,1,1,3,3,67.49,72,1.4,0
"TCKT001933",20250910,20250910,19,6,8,1,1,2,8.86,4,3.6,1
"TCKT001934",20250204,20250204,11,7,4,2,1,3,4.26,8,4.5,0
"TCKT001935",20250422,20250422,18,1,4,4,3,3,3.23,72,4.6,0
"TCKT001936",20250406,20250406,9,7,4,4,1,2,1.57,24,1,0
"TCKT001937",20250131,20250131,7,6,5,2,3,2,13.33,2,3.5,1
"TCKT001938",20251028,20251030,6,5,4,3,1,1,29.45,24,1.4,1
"TCKT001939",20250514,20250514,1,1,3,2,1,1,5.28,1,2.2,1
"TCKT001940",20251104,20251104,17,4,2,1,1,2,11.73,8,2.5,1
"TCKT001941",20250802,20250803,12,3,2,1,1,1,1.85,2,1.5,0
"TCKT001942",20250406,20250406,17,4,3,1,3,3,10.67,8,1.3,1
"TCKT001943",20250426,20250427,7,6,6,2,1,3,2.99,2,1.3,1
"TCKT001944",20250925,20250925,4,3,4,3,3,3,0.88,4,4.3,0
"TCKT001945",20250806,20250806,4,3,8,1,3,1,2.78,4,4.6,0
"TCKT001946",20250124,20250128,6,5,5,1,1,3,85.45,24,3.7,1
"TCKT001947",20250322,20250322,10,2,1,3,3,3,0.58,2,4.8,0
"TCKT001948",20250408,20250408,9,7,8,3,1,3,1.49,24,3.9,0
"TCKT001949",20250104,0,2,2,6,3,6,2,,1,,0
"TCKT001950",20251015,20251015,2,2,4,1,3,3,14.94,1,2.5,1
"TCKT001951",20250919,20250919,2,2,1,2,1,2,1.26,1,3.6,1
"TCKT001952",20250908,0,11,7,8,2,6,3,,8,,0
"TCKT001953",20250127,20250128,9,7,7,1,3,1,28.04,24,1.4,1
"TCKT001954",20250813,20250813,20,4,6,1,1,2,3.97,12,3.7,0
"TCKT001955",20250803,20250803,19,6,5,2,3,2,10.63,4,4.7,1
"TCKT001956",20250224,0,9,7,3,3,5,2,,24,,0
"TCKT001957",20250418,20250419,18,1,4,2,3,3,23.1,72,4.5,0
"TCKT001958",20250214,20250214,6,5,1,4,1,2,2.1,24,4.6,0
"TCKT001959",20250602,20250603,13,5,4,1,3,2,22.53,48,4.8,0
"TCKT001960",20250513,20250514,19,6,2,4,1,2,22.27,4,4.5,1
"TCKT001961",20250603,20250603,8,2,3,4,1,3,2.65,72,3.9,0
"TCKT001962",20251004,20251005,9,7,2,1,3,2,35.6,24,2.2,1
"TCKT001963",20250629,20250629,3,3,5,4,3,3,3.98,1,1.1,1
"TCKT001964",20250320,20250321,17,4,2,2,3,1,26.84,8,1.8,1
"TCKT001965",20250115,20250117,10,2,6,1,3,1,43.41,2,4,1
"TCKT001966",20250801,20250801,4,3,6,1,1,2,2.96,4,1.4,0
"TCKT001967",20251111,20251114,17,4,8,3,1,2,83.64,8,4.2,1
"TCKT001968",20250826,20250827,5,4,3,1,3,1,29.42,4,3.5,1
"TCKT001969",20251114,20251114,8,2,6,4,3,1,0.67,72,1.1,0
"TCKT001970",20250415,20250415,13,5,6,2,1,3,4.53,48,3.9,0
"TCKT001971",20250911,0,5,4,8,4,2,3,,4,,0
"TCKT001972",20251105,20251105,7,6,1,2,3,2,3.94,2,3.7,1
"TCKT001973",20250126,20250126,11,7,3,2,1,2,11.67,8,2.2,1
"TCKT001974",20250815,20250820,11,7,1,4,3,1,115.53,8,3.1,1
"TCKT001975",20250414,20250417,6,5,4,1,1,3,78.05,24,1.6,1
"TCKT001976",20251126,20251126,12,3,2,1,3,2,14.26,2,4.4,1
"TCKT001977",20250411,20250411,5,4,7,2,1,2,11.69,4,3.2,1
"TCKT001978",20251128,20251128,7,6,1,3,3,3,1.73,2,1.4,0
"TCKT001979",20250117,20250119,13,5,4,3,1,2,49.5,48,3.6,1
"TCKT001980",20250428,20250430,6,5,2,2,1,2,46.47,24,2.4,1
"TCKT001981",20251009,20251011,12,3,4,2,1,2,40.68,2,4.5,1
"TCKT001982",20250930,20250930,17,4,1,1,1,1,2.25,8,1.4,0
"TCKT001983",20250929,20250929,11,7,1,2,1,3,17.57,8,3.4,1
"TCKT001984",20250420,20250421,18,1,2,3,3,2,7.61,72,1.1,0
"TCKT001985",20251130,20251130,4,3,1,1,3,3,0.7,4,4,0
"TCKT001986",20250506,20250506,18,1,6,2,3,1,0.53,72,4,0
"TCKT001987",20250620,20250621,1,1,8,4,1,1,17.35,1,3.4,1
"TCKT001988",20250612,20250612,1,1,5,2,3,2,1.56,1,1.1,1
"TCKT001989",20250219,20250220,5,4,6,2,1,3,1.9,4,3,0
"TCKT001990",20250102,20250102,3,3,4,4,3,1,1.67,1,2.1,1
"TCKT001991",20251008,0,12,3,3,4,4,3,,2,,0
"TCKT001992",20251106,20251106,9,7,6,4,3,1,1.2,24,1.4,0
"TCKT001993",20250220,0,8,2,2,2,4,2,,72,,0
"TCKT001994",20250527,20250530,19,6,8,1,1,1,65.25,4,2.7,1
"TCKT001995",20250607,20250608,15,6,6,2,3,1,27.8,8,4.1,1
"TCKT001996",20250604,20250604,7,6,2,4,3,2,2.1,2,2.1,1
"TCKT001997",20250315,20250315,12,3,2,2,1,2,2.43,2,3.3,1
"TCKT001998",20251019,0,16,7,8,2,6,1,,12,,0
"TCKT001999",20250627,0,4,3,4,1,5,2,,4,,0
"TCKT002000",20250920,0,2,2,4,2,2,3,,1,,0
"TCKT002001",20250328,20250329,8,2,4,1,1,3,16.55,72,2.2,0
"TCKT002002",20250409,20250409,4,3,8,4,3,3,0.75,4,2.5,0
"TCKT002003",20250606,20250607,5,4,7,3,3,3,18.98,4,2.3,1
"TCKT002004",20250112,20250115,7,6,2,2,1,3,77.86,2,4.7,1
"TCKT002005",20250321,20250322,4,3,2,2,3,2,14.38,4,5,1
"TCKT002006",20250909,20250909,20,4,5,3,3,2,1.7,12,3.2,0
"TCKT002007",20250209,20250210,3,3,3,3,1,3,6.28,1,2.3,1
"TCKT002008",20250504,20250504,15,6,7,2,1,2,1.02,8,3.8,0
"TCKT002009",20250402,20250402,8,2,4,4,3,1,9.26,72,2,0
"TCKT002010",20250218,0,7,6,2,1,2,3,,2,,0
"TCKT002011",20250816,20250816,20,4,3,1,3,2,1.61,12,4.5,0
"TCKT002012",20250531,20250603,4,3,4,4,3,1,74.9,4,4.5,1
"TCKT002013",20251123,20251123,17,4,8,2,3,1,4.01,8,1.5,0
"TCKT002014",20250519,0,2,2,7,3,6,3,,1,,0
"TCKT002015",20250407,0,2,2,7,1,5,2,,1,,0
"TCKT002016",20251031,20251104,1,1,8,2,3,1,86.64,1,4.3,1
"TCKT002017",20250618,20250618,1,1,8,4,1,2,1.08,1,1.9,1
"TCKT002018",20250625,20250625,16,7,7,1,1,1,3.53,12,3.2,0
"TCKT002019",20251102,20251102,3,3,5,1,3,2,3.83,1,1.2,1
"TCKT002020",20251128,20251128,4,3,5,2,3,3,0.69,4,4.7,0
"TCKT002021",20250508,20250510,16,7,2,3,3,3,39.23,12,2.6,1
"TCKT002022",20251118,20251119,16,7,8,4,3,2,6.97,12,3.9,0
"TCKT002023",20251103,20251109,9,7,1,3,3,2,140.57,24,5,1
"TCKT002024",20250522,20250522,9,7,7,4,1,1,1.36,24,5,0
"TCKT002025",20250810,20250815,1,1,3,4,1,1,101.75,1,2.9,1
"TCKT002026",20250626,20250627,3,3,5,2,3,3,37.65,1,1.3,1
"TCKT002027",20250307,20250308,20,4,2,2,1,3,11.64,12,4.9,0
"TCKT002028",20251124,20251125,18,1,4,3,1,2,21.26,72,2,0
"TCKT002029",20250502,20250502,20,4,6,2,3,2,0.69,12,2.5,0
"TCKT002030",20250208,20250208,4,3,3,1,1,1,1.97,4,2.7,0
"TCKT002031",20250923,20250927,11,7,2,3,3,1,99.08,8,3.5,1
"TCKT002032",20250306,20250309,19,6,8,2,3,3,78.2,4,1.8,1
"TCKT002033",20250404,20250404,12,3,1,1,1,1,3.86,2,1.7,1
"TCKT002034",20250727,20250729,5,4,8,2,3,1,28.62,4,3.8,1
"TCKT002035",20250808,20250809,1,1,7,2,1,1,2.15,1,3.4,1
"TCKT002036",20250221,20250221,10,2,4,4,1,2,6.09,2,2.5,1
"TCKT002037",20250222,20250222,7,6,1,1,1,1,3.19,2,2,1
"TCKT002038",20251115,0,17,4,2,4,6,3,,8,,0
"TCKT002039",20250514,20250515,20,4,6,1,1,2,1.19,12,4.7,0
"TCKT002040",20250308,20250308,16,7,8,2,3,2,4.57,12,1.3,0
"TCKT002041",20251015,20251015,13,5,1,1,1,2,6.24,48,2.3,0
"TCKT002042",20250529,20250529,6,5,3,4,3,2,1.91,24,2.3,0
"TCKT002043",20250430,20250430,15,6,8,4,3,2,2.28,8,2.3,0
"TCKT002044",20250219,20250220,2,2,4,2,3,3,11.36,1,1.2,1
"TCKT002045",20250514,20250515,3,3,1,3,3,3,8.26,1,2.2,1
"TCKT002046",20250427,0,10,2,5,2,6,2,,2,,0
"TCKT002047",20250803,0,3,3,2,4,6,1,,1,,0
"TCKT002048",20250215,20250216,16,7,8,4,1,3,9.39,12,3.4,0
"TCKT002049",20250716,20250718,16,7,4,3,1,2,42.51,12,4.5,1
"TCKT002050",20250513,20250513,20,4,2,2,3,1,7.4,12,4.6,0
"TCKT002051",20250111,20250115,12,3,3,2,1,3,89.8,2,2.5,1
"TCKT002052",20250923,20250923,16,7,7,4,3,2,1.68,12,1.2,0
"TCKT002053",20250508,20250508,7,6,5,4,1,3,1.06,2,3.3,0
"TCKT002054",20250913,20250913,19,6,8,1,1,1,2.07,4,4.7,0
"TCKT002055",20250225,20250226,1,1,5,3,1,1,16.96,1,1.2,1
"TCKT002056",20251125,20251125,1,1,7,1,3,2,3.67,1,4.9,1
"TCKT002057",20250507,20250508,9,7,4,3,1,3,31.93,24,3.1,1
"TCKT002058",20250209,20250210,3,3,3,4,3,2,39.21,1,1.1,1
"TCKT002059",20251014,20251015,15,6,3,3,3,3,13.06,8,2.4,1
"TCKT002060",20250518,20250519,3,3,8,2,3,3,27.93,1,2.6,1
"TCKT002061",20250511,20250511,3,3,8,2,1,3,0.62,1,1.6,0
"TCKT002062",20251004,20251004,14,1,8,4,3,1,5.45,48,2.5,0
"TCKT002063",20250109,20250109,20,4,8,2,3,1,1.38,12,2.8,0
"TCKT002064",20250709,20250711,4,3,2,2,1,2,35.19,4,2.2,1
"TCKT002065",20250405,20250406,3,3,8,1,3,2,1.6,1,2.9,1
"TCKT002066",20250418,20250418,6,5,6,4,1,3,1.88,24,2.9,0
"TCKT002067",20250412,20250412,10,2,6,1,3,3,1.58,2,1.1,0
"TCKT002068",20250725,20250725,5,4,3,4,1,2,0.98,4,4.1,0
"TCKT002069",20250825,20250826,7,6,5,4,1,2,8.26,2,3.1,1
"TCKT002070",20250726,20250726,15,6,8,4,3,1,10.4,8,3.5,1
"TCKT002071",20250717,0,9,7,2,3,4,2,,24,,0
"TCKT002072",20251028,20251028,14,1,6,4,1,2,7.93,48,2.5,0
"TCKT002073",20250707,20250708,6,5,8,4,3,3,20.71,24,4.7,0
"TCKT002074",20250102,20250103,13,5,3,4,1,1,14,48,2.2,0
"TCKT002075",20250419,20250420,17,4,1,2,3,1,9.23,8,2.2,1
"TCKT002076",20250511,20250512,11,7,2,1,1,2,10.2,8,3.2,1
"TCKT002077",20250630,20250702,18,1,6,1,1,1,45.62,72,3.4,0
"TCKT002078",20251125,20251125,6,5,7,4,1,2,1.41,24,1.9,0
"TCKT002079",20250108,20250110,1,1,6,2,1,2,25.56,1,4.3,1
"TCKT002080",20250916,20250916,18,1,2,4,1,1,1.77,72,2.9,0
"TCKT002081",20250805,20250808,8,2,6,2,3,1,72.98,72,2.1,1
"TCKT002082",20250715,20250721,9,7,3,1,1,1,142.23,24,4.8,1
"TCKT002083",20250430,20250430,18,1,8,1,1,3,1.67,72,3.7,0
"TCKT002084",20250625,20250626,8,2,7,1,3,1,20.8,72,3.3,0
"TCKT002085",20250608,20250609,12,3,7,2,3,2,12.25,2,1.7,1
"TCKT002086",20250222,20250223,12,3,8,2,3,3,31.39,2,1.7,1
"TCKT002087",20250718,20250718,4,3,6,3,1,2,0.97,4,3.5,0
"TCKT002088",20251021,20251022,13,5,5,3,1,2,2.94,48,2.5,0
"TCKT002089",20251027,20251031,6,5,6,4,3,2,82.7,24,4.8,1
"TCKT002090",20250507,20250511,11,7,3,3,3,1,91.94,8,2.1,1
"TCKT002091",20250825,20250825,19,6,6,2,1,3,16.05,4,2,1
"TCKT002092",20250301,20250305,18,1,1,4,3,2,86.46,72,3.6,1
"TCKT002093",20250715,20250718,13,5,4,1,1,2,68.67,48,1.8,1
"TCKT002094",20251118,20251118,6,5,1,2,3,2,0.93,24,2.6,0
"TCKT002095",20251007,20251011,16,7,6,3,1,2,113.01,12,1.3,1
"TCKT002096",20250303,20250303,12,3,5,1,3,1,1.1,2,3,0
"TCKT002097",20250130,20250131,6,5,7,1,1,3,15.52,24,2.2,0
"TCKT002098",20250928,20250929,18,1,2,4,3,3,2.73,72,2.3,0
"TCKT002099",20250328,0,1,1,6,4,6,1,,1,,0
"TCKT002100",20250113,0,5,4,4,3,2,3,,4,,0
"TCKT002101",20251119,20251120,10,2,1,3,1,2,6.31,2,2,1
"TCKT002102",20250501,20250501,16,7,2,3,3,1,7.09,12,4.6,0
"TCKT002103",20250610,20250612,17,4,2,3,1,3,63.65,8,3.1,1
"TCKT002104",20251124,20251125,14,1,7,1,1,2,6.31,48,1.2,0
"TCKT002105",20250812,20250812,16,7,8,2,3,3,7.19,12,1.7,0
"TCKT002106",20250811,20250812,2,2,8,1,1,1,15.25,1,1.9,1
"TCKT002107",20250419,20250421,15,6,8,3,3,3,44.15,8,3.8,1
"TCKT002108",20250720,20250721,16,7,5,2,1,1,19.74,12,4.9,1
"TCKT002109",20250808,20250810,5,4,5,1,3,1,56.75,4,4.2,1
"TCKT002110",20250428,20250430,15,6,5,1,1,2,55.67,8,1.7,1
"TCKT002111",20250308,20250309,16,7,1,2,1,3,23.54,12,2.8,1
"TCKT002112",20250214,20250218,14,1,4,3,1,1,114.23,48,4.6,1
"TCKT002113",20250806,0,18,1,2,2,2,2,,72,,0
"TCKT002114",20250416,20250417,7,6,2,1,1,2,15.24,2,2.4,1
"TCKT002115",20250517,20250517,15,6,6,3,3,3,2.03,8,3.6,0
"TCKT002116",20250201,20250203,14,1,3,2,3,1,39.95,48,2,0
"TCKT002117",20250426,20250427,2,2,8,4,1,2,14.16,1,1.2,1
"TCKT002118",20250806,20250807,19,6,1,1,3,1,26.49,4,1.6,1
"TCKT002119",20250605,20250607,4,3,7,1,3,2,62.62,4,3.6,1
"TCKT002120",20251115,20251116,9,7,5,4,1,3,11.66,24,3.4,0
"TCKT002121",20250923,20250924,8,2,6,2,1,1,21.74,72,4,0
"TCKT002122",20250810,20250811,2,2,5,1,1,3,14.75,1,2.8,1
"TCKT002123",20250313,20250314,6,5,4,2,3,3,13.88,24,3.4,0
"TCKT002124",20250407,20250410,20,4,2,4,1,1,70.83,12,2.8,1
"TCKT002125",20250510,20250516,2,2,5,3,1,1,127.67,1,4.2,1
"TCKT002126",20250504,20250504,10,2,1,4,3,2,4.39,2,1.7,1
"TCKT002127",20250930,20251003,18,1,8,3,3,3,68.28,72,1.3,0
"TCKT002128",20250202,20250203,15,6,4,3,3,1,5.16,8,2.3,0
"TCKT002129",20250205,20250206,15,6,4,2,1,2,19.25,8,1.5,1
"TCKT002130",20250407,20250407,2,2,1,3,3,3,2.53,1,2.1,1
"TCKT002131",20250423,20250424,7,6,3,3,3,1,22.66,2,4.5,1
"TCKT002132",20250216,20250216,4,3,2,3,3,3,6.11,4,3.1,1
"TCKT002133",20250912,20250913,1,1,6,4,1,2,3.91,1,4.4,1
"TCKT002134",20250207,20250208,17,4,4,2,1,2,22.65,8,4.5,1
"TCKT002135",20250201,20250202,9,7,1,1,1,1,3.06,24,3.5,0
"TCKT002136",20250315,20250318,14,1,2,3,1,3,76.36,48,2.7,1
"TCKT002137",20251110,20251111,9,7,7,2,3,2,35.67,24,4.9,1
"TCKT002138",20250401,20250401,18,1,6,1,3,3,0.71,72,3.5,0
"TCKT002139",20250519,20250519,9,7,7,3,3,2,1.27,24,1.3,0
"TCKT002140",20250520,20250520,4,3,3,3,3,2,1.6,4,3.4,0
"TCKT002141",20250204,20250205,4,3,3,3,1,1,22.56,4,4.6,1
"TCKT002142",20250225,20250301,1,1,1,1,1,1,95.81,1,1.9,1
"TCKT002143",20250807,20250809,18,1,4,1,1,3,45.3,72,1.1,0
"TCKT002144",20250907,20250908,16,7,6,1,3,3,12.02,12,3,1
"TCKT002145",20250212,20250213,16,7,4,4,1,2,15.96,12,4,1
"TCKT002146",20250530,20250531,16,7,2,4,1,1,14.92,12,2.3,1
"TCKT002147",20250319,20250323,13,5,5,2,1,2,87.94,48,4.4,1
"TCKT002148",20250507,20250508,13,5,6,2,3,1,18.49,48,3.6,0
"TCKT002149",20250801,0,13,5,7,2,5,2,,48,,0
"TCKT002150",20250502,20250506,3,3,1,1,3,1,96.64,1,1.7,1
"TCKT002151",20250630,20250702,10,2,7,4,1,2,46.33,2,2.3,1
"TCKT002152",20251015,20251017,8,2,7,2,1,2,40.62,72,1.7,0
"TCKT002153",20250927,20250927,17,4,6,3,3,3,1.72,8,3.3,0
"TCKT002154",20250317,20250317,2,2,4,3,1,1,1.55,1,4.8,1
"TCKT002155",20251021,20251021,5,4,6,1,1,1,1.58,4,2.8,0
"TCKT002156",20250210,20250211,20,4,7,1,1,2,1.54,12,4.1,0
"TCKT002157",20251103,20251104,17,4,6,1,1,2,26.91,8,2,1
"TCKT002158",20250720,20250724,20,4,4,2,1,3,81.83,12,2.2,1
"TCKT002159",20250511,20250511,7,6,2,1,3,3,1.7,2,1.4,0
"TCKT002160",20250321,20250321,18,1,6,1,1,1,1.58,72,3.7,0
"TCKT002161",20250817,20250817,18,1,2,3,3,2,1.57,72,4.8,0
"TCKT002162",20250424,20250425,12,3,6,2,1,1,25.67,2,4.7,1
"TCKT002163",20250511,20250512,10,2,5,3,1,2,4.67,2,2.4,1
"TCKT002164",20251110,20251110,7,6,3,4,3,2,4.35,2,1.7,1
"TCKT002165",20251027,20251027,17,4,2,2,1,1,2,8,2.8,0
"TCKT002166",20250429,20250429,2,2,5,3,1,3,1.48,1,3,1
"TCKT002167",20250304,20250304,20,4,2,3,1,3,3.99,12,1.4,0
"TCKT002168",20250708,20250708,9,7,4,4,1,3,0.8,24,3.2,0
"TCKT002169",20250906,20250910,3,3,8,2,3,2,98.33,1,3.5,1
"TCKT002170",20250222,20250223,8,2,7,3,1,1,12.29,72,3.6,0
"TCKT002171",20251107,0,9,7,7,2,6,1,,24,,0
"TCKT002172",20250507,20250507,7,6,6,2,3,3,1.61,2,2.1,0
"TCKT002173",20250922,0,10,2,6,2,2,3,,2,,0
"TCKT002174",20250926,20250926,10,2,7,1,1,1,1.33,2,1.1,0
"TCKT002175",20250302,20250303,9,7,5,3,3,1,6.61,24,4.5,0
"TCKT002176",20250109,20250109,7,6,2,3,1,2,6.44,2,2.2,1
"TCKT002177",20250301,0,5,4,8,2,2,1,,4,,0
"TCKT002178",20250317,0,13,5,8,4,6,1,,48,,0
"TCKT002179",20250413,20250413,9,7,7,4,1,3,6.11,24,4.6,0
"TCKT002180",20250908,20250911,19,6,3,3,3,3,72.82,4,4.8,1
"TCKT002181",20251017,20251018,18,1,4,3,3,2,29.58,72,3.1,0
"TCKT002182",20250621,20250625,8,2,6,1,1,1,83.75,72,3.2,1
"TCKT002183",20250805,0,16,7,1,4,4,3,,12,,0
"TCKT002184",20250803,0,13,5,1,4,2,3,,48,,0
"TCKT002185",20250709,0,7,6,8,1,6,2,,2,,0
"TCKT002186",20250505,20250511,18,1,2,3,1,2,130.56,72,3.4,1
"TCKT002187",20251030,20251030,5,4,1,1,1,2,5.45,4,2.5,1
"TCKT002188",20250630,20250704,19,6,5,4,1,3,84.88,4,2.1,1
"TCKT002189",20251008,20251008,17,4,7,1,1,3,5.15,8,1.7,0
"TCKT002190",20250706,20250711,8,2,5,1,1,2,126.88,72,1.2,1
"TCKT002191",20250903,20250905,4,3,2,4,1,3,55.55,4,1.7,1
"TCKT002192",20251020,20251023,17,4,3,2,3,3,81.5,8,2.8,1
"TCKT002193",20250902,20250903,20,4,4,4,1,2,10.89,12,2,0
"TCKT002194",20251126,20251128,3,3,2,1,1,1,40.9,1,1.8,1
"TCKT002195",20250417,20250418,19,6,3,4,1,1,22.5,4,1.6,1
"TCKT002196",20251124,20251125,6,5,3,1,3,1,30.34,24,1.2,1
"TCKT002197",20250408,20250408,18,1,5,2,3,2,2.65,72,2.4,0
"TCKT002198",20250916,0,1,1,4,2,5,3,,1,,0
"TCKT002199",20250312,20250312,10,2,5,3,3,3,14.35,2,3.7,1
"TCKT002200",20250524,20250524,2,2,2,4,3,1,5.96,1,1.8,1
"TCKT002201",20250831,20250903,7,6,6,1,3,2,79.83,2,4.3,1
"TCKT002202",20250922,20250922,15,6,4,4,1,1,3.87,8,1.5,0
"TCKT002203",20250526,20250528,9,7,8,3,3,2,41.05,24,2.5,1
"TCKT002204",20250708,20250711,4,3,5,2,1,1,77.95,4,3.7,1
"TCKT002205",20250605,20250606,12,3,4,3,1,2,22.19,2,1.2,1
"TCKT002206",20250214,20250214,1,1,1,3,1,2,17.09,1,2.2,1
"TCKT002207",20250207,20250208,2,2,6,1,1,2,10.13,1,3.3,1
"TCKT002208",20250130,20250131,18,1,2,4,1,1,16.42,72,3.6,0
"TCKT002209",20250629,20250629,18,1,3,4,1,1,14.94,72,4.9,0
"TCKT002210",20250902,20250902,9,7,1,4,1,2,5.17,24,2.7,0
"TCKT002211",20250327,20250402,14,1,5,2,1,1,141.45,48,1.7,1
"TCKT002212",20250818,0,17,4,5,3,4,2,,8,,0
"TCKT002213",20251109,20251109,4,3,2,2,3,2,6.5,4,4.8,1
"TCKT002214",20250312,20250312,20,4,7,1,3,2,9.2,12,4.6,0
"TCKT002215",20250315,20250315,11,7,7,1,3,2,9.78,8,3.4,1
"TCKT002216",20250522,20250523,13,5,2,3,3,1,44.44,48,4.9,0
"TCKT002217",20250717,20250719,5,4,2,1,1,1,47.55,4,3,1
"TCKT002218",20250523,20250523,4,3,3,4,3,3,0.96,4,2.2,0
"TCKT002219",20250617,20250617,12,3,6,3,3,2,5.75,2,5,1
"TCKT002220",20250204,20250204,2,2,6,2,1,2,9.02,1,1.7,1
"TCKT002221",20250308,20250308,16,7,4,4,3,2,4.74,12,3,0
"TCKT002222",20250504,20250504,10,2,6,2,3,1,0.77,2,1.5,0
"TCKT002223",20250614,20250615,4,3,3,3,1,3,36.82,4,1.8,1
"TCKT002224",20250114,20250114,6,5,4,4,3,1,1.62,24,4.7,0
"TCKT002225",20250625,20250625,8,2,2,2,3,1,6.49,72,3.3,0
"TCKT002226",20250317,20250318,14,1,7,3,3,2,3.59,48,4.9,0
"TCKT002227",20251031,20251101,4,3,6,2,1,3,30.64,4,1.8,1
"TCKT002228",20250216,20250217,7,6,1,2,3,2,13.69,2,3.5,1
"TCKT002229",20250526,20250526,11,7,1,3,1,2,2.47,8,1.2,0
"TCKT002230",20250108,20250110,13,5,8,4,3,1,46.41,48,3,0
"TCKT002231",20251019,20251019,14,1,6,1,1,1,11.51,48,2.9,0
"TCKT002232",20250301,20250301,11,7,4,2,3,2,3.59,8,3.6,0
"TCKT002233",20250918,20250919,5,4,3,1,1,1,4.41,4,4.6,1
"TCKT002234",20251031,20251031,6,5,7,4,1,1,1.87,24,4.3,0
"TCKT002235",20251111,20251111,1,1,4,2,1,1,3.13,1,1.5,1
"TCKT002236",20250219,0,4,3,6,1,5,2,,4,,0
"TCKT002237",20250813,0,3,3,5,3,5,3,,1,,0
"TCKT002238",20250925,20250927,10,2,7,4,3,1,43.8,2,2.3,1
"TCKT002239",20250524,20250528,4,3,6,1,1,2,101.69,4,1.2,1
"TCKT002240",20250907,20250908,14,1,5,4,1,2,15.5,48,2.1,0
"TCKT002241",20250515,20250518,2,2,2,4,1,1,62.14,1,2,1
"TCKT002242",20251009,20251012,13,5,5,4,3,2,72.52,48,2.5,1
"TCKT002243",20250612,20250613,10,2,3,2,3,3,12.1,2,1.9,1
"TCKT002244",20250806,20250808,12,3,8,1,3,1,44.46,2,4.5,1
"TCKT002245",20250210,0,18,1,1,4,4,3,,72,,0
"TCKT002246",20250423,20250423,20,4,6,4,1,2,15.71,12,4.3,1
"TCKT002247",20250423,20250424,14,1,7,4,1,2,6.43,48,3.9,0
"TCKT002248",20250112,20250113,11,7,4,2,3,2,36.12,8,4,1
"TCKT002249",20250503,20250504,6,5,7,2,3,2,20.41,24,4,0
"TCKT002250",20250703,20250703,20,4,3,2,3,1,4.79,12,3.7,0
"TCKT002251",20251115,20251115,1,1,1,2,1,2,6.61,1,1.2,1
"TCKT002252",20250608,20250608,4,3,4,1,3,2,0.74,4,2.3,0
"TCKT002253",20250912,20250912,9,7,7,4,1,2,2.19,24,2.3,0
"TCKT002254",20250611,20250611,4,3,6,2,1,3,0.72,4,1.3,0
"TCKT002255",20250318,20250320,8,2,1,4,1,1,44.69,72,4.5,0
"TCKT002256",20250128,20250130,4,3,4,3,1,2,39.64,4,2.8,1
"TCKT002257",20250714,0,5,4,2,4,6,2,,4,,0
"TCKT002258",20250301,20250301,8,2,6,1,1,2,4.48,72,1.8,0
"TCKT002259",20250711,20250716,6,5,5,1,3,1,116,24,2.1,1
"TCKT002260",20250222,0,6,5,7,4,4,2,,24,,0
"TCKT002261",20250928,0,10,2,2,3,6,3,,2,,0
"TCKT002262",20251002,20251003,10,2,2,4,3,3,16.58,2,2.4,1
"TCKT002263",20250201,20250203,1,1,2,2,3,3,56,1,4.6,1
"TCKT002264",20250702,20250702,1,1,2,1,1,2,3.25,1,1.9,1
"TCKT002265",20250113,20250113,11,7,2,3,3,1,7.73,8,2,0
"TCKT002266",20250214,20250214,10,2,4,2,3,2,13.5,2,4,1
"TCKT002267",20250422,20250423,9,7,2,3,3,3,21.99,24,2.7,0
"TCKT002268",20250514,20250515,8,2,1,1,1,3,16.36,72,1.3,0
"TCKT002269",20251005,20251006,17,4,6,1,3,1,19.22,8,1.8,1
"TCKT002270",20250218,0,12,3,1,3,5,3,,2,,0
"TCKT002271",20250426,20250426,12,3,4,1,3,1,6.2,2,1.9,1
"TCKT002272",20250306,20250307,14,1,3,4,1,2,36.52,48,1.8,0
"TCKT002273",20250825,20250825,2,2,2,2,1,3,0.78,1,4,0
"TCKT002274",20250906,20250909,7,6,5,3,1,1,54.34,2,1.5,1
"TCKT002275",20251109,20251110,15,6,1,2,3,3,16.34,8,3.9,1
"TCKT002276",20250819,20250820,16,7,4,3,1,2,30.77,12,4.7,1
"TCKT002277",20250210,20250211,11,7,1,1,3,1,15.72,8,3.5,1
"TCKT002278",20250331,0,7,6,3,2,2,3,,2,,0
"TCKT002279",20250421,20250422,7,6,3,4,3,1,14.61,2,2.2,1
"TCKT002280",20250603,20250607,4,3,5,2,3,3,94.89,4,1.3,1
"TCKT002281",20250427,20250428,20,4,5,3,1,2,7.24,12,4.9,0
"TCKT002282",20250617,20250617,3,3,6,4,1,1,3.86,1,1.9,1
"TCKT002283",20251026,20251027,5,4,3,1,3,2,11.11,4,3.9,1
"TCKT002284",20250605,20250606,8,2,4,2,3,1,24.16,72,4.5,0
"TCKT002285",20250319,20250320,12,3,2,1,3,2,18.98,2,4.9,1
"TCKT002286",20250929,20250929,15,6,7,2,1,2,1.95,8,3.8,0
"TCKT002287",20250307,20250307,12,3,3,3,1,2,2.35,2,4.7,1
"TCKT002288",20250701,20250701,11,7,5,2,1,3,1.15,8,1.6,0
"TCKT002289",20250820,20250820,19,6,3,1,1,2,0.63,4,3.9,0
"TCKT002290",20250930,20251002,10,2,6,4,3,2,66.58,2,4.5,1
"TCKT002291",20250624,20250624,17,4,3,1,3,3,13.98,8,2.5,1
"TCKT002292",20251117,20251121,18,1,5,2,3,1,101.04,72,3.9,1
"TCKT002293",20250506,20250506,18,1,6,3,3,1,0.75,72,2.4,0
"TCKT002294",20250324,20250324,5,4,3,2,1,3,1.89,4,2.4,0
"TCKT002295",20250306,20250306,1,1,2,2,3,1,10.97,1,2.2,1
"TCKT002296",20250223,20250225,3,3,2,4,3,2,59.99,1,3.6,1
"TCKT002297",20250121,20250123,5,4,6,1,1,1,35.27,4,2.7,1
"TCKT002298",20250228,0,15,6,5,1,6,1,,8,,0
"TCKT002299",20251007,0,15,6,8,2,6,2,,8,,0
"TCKT002300",20250413,20250413,15,6,5,1,3,1,1.28,8,3.3,0
"TCKT002301",20251106,0,20,4,8,4,5,3,,12,,0
"TCKT002302",20250212,20250217,7,6,7,1,3,2,120.91,2,4.8,1
"TCKT002303",20250107,20250107,9,7,7,4,1,3,7.82,24,3.6,0
"TCKT002304",20250608,20250608,3,3,3,1,1,2,7.81,1,4.4,1
"TCKT002305",20251128,20251128,18,1,6,1,3,2,15.63,72,1.2,0
"TCKT002306",20250806,20250806,14,1,7,2,1,1,12.2,48,3.2,0
"TCKT002307",20250818,20250819,10,2,8,2,3,1,11.95,2,5,1
"TCKT002308",20250304,0,10,2,2,1,4,3,,2,,0
"TCKT002309",20250523,20250525,4,3,3,3,3,3,26.24,4,4,1
"TCKT002310",20250419,20250419,18,1,2,4,3,2,10.77,72,4.1,0
"TCKT002311",20250923,20250923,19,6,8,3,3,3,3.01,4,4.9,0
"TCKT002312",20250721,20250722,2,2,4,3,3,3,34.36,1,1.3,1
"TCKT002313",20250722,20250722,18,1,6,1,3,1,0.53,72,1.2,0
"TCKT002314",20250423,20250423,19,6,5,4,3,2,1.58,4,3.2,0
"TCKT002315",20250714,0,13,5,3,4,5,2,,48,,0
"TCKT002316",20250102,20250102,6,5,2,3,3,2,1.06,24,2.8,0
"TCKT002317",20250626,20250626,19,6,1,4,3,1,11.85,4,3.1,1
"TCKT002318",20250329,20250330,4,3,3,1,3,3,13.65,4,4.2,1
"TCKT002319",20250628,20250630,16,7,5,1,3,2,57.24,12,3.9,1
"TCKT002320",20250603,20250603,20,4,4,3,3,3,10.72,12,2.4,0
"TCKT002321",20250116,0,10,2,7,1,2,2,,2,,0
"TCKT002322",20250514,20250514,17,4,1,2,3,2,12.32,8,1.6,1
"TCKT002323",20250705,20250705,18,1,8,1,1,1,1.66,72,3.9,0
"TCKT002324",20250408,20250410,17,4,7,2,3,3,57.4,8,1.8,1
"TCKT002325",20250407,20250407,5,4,2,4,3,3,0.94,4,4,0
"TCKT002326",20250414,20250415,18,1,1,4,1,2,14.15,72,3.4,0
"TCKT002327",20250602,20250602,17,4,5,1,1,1,0.58,8,4.6,0
"TCKT002328",20250801,20250802,18,1,1,4,3,3,24.58,72,1.7,0
"TCKT002329",20251130,20251201,19,6,7,4,1,2,8.64,4,3,1
"TCKT002330",20250811,20250812,16,7,2,3,1,2,21.15,12,3.3,1
"TCKT002331",20250410,20250410,20,4,1,1,3,3,1.11,12,1.1,0
"TCKT002332",20251118,20251118,10,2,4,3,1,3,0.53,2,4.2,0
"TCKT002333",20250319,20250319,11,7,3,1,3,1,7.72,8,2,0
"TCKT002334",20251102,0,7,6,6,1,4,3,,2,,0
"TCKT002335",20250213,20250214,6,5,5,1,3,2,21.2,24,2.2,0
"TCKT002336",20250702,20250704,3,3,8,4,3,3,59.36,1,3,1
"TCKT002337",20251126,20251126,7,6,8,1,3,2,0.64,2,4.7,0
"TCKT002338",20251001,20251001,6,5,3,2,3,3,0.95,24,4.1,0
"TCKT002339",20250905,20250906,14,1,2,1,3,3,33.24,48,3,0
"TCKT002340",20250719,20250719,16,7,3,3,3,2,2.32,12,2.7,0
"TCKT002341",20250915,20250916,18,1,7,1,3,1,14.43,72,4.8,0
"TCKT002342",20250106,20250106,7,6,1,2,1,1,5.82,2,3,1
"TCKT002343",20250404,20250405,15,6,2,1,3,1,10.96,8,3.3,1
"TCKT002344",20250704,20250704,9,7,1,1,3,2,4.34,24,4.1,0
"TCKT002345",20250501,20250501,18,1,6,3,3,2,1.08,72,3.8,0
"TCKT002346",20250703,20250703,6,5,6,3,3,2,1.86,24,2.2,0
"TCKT002347",20250311,20250311,11,7,5,4,1,2,3.27,8,2.7,0
"TCKT002348",20250802,0,20,4,1,1,4,3,,12,,0
"TCKT002349",20250212,20250216,5,4,7,4,3,2,94.05,4,4,1
"TCKT002350",20251107,20251110,11,7,5,3,1,1,50.1,8,1.1,1
"TCKT002351",20250919,20250919,10,2,6,2,3,3,6.94,2,3.1,1
"TCKT002352",20250919,20250920,18,1,5,2,1,2,19.25,72,3.6,0
"TCKT002353",20250131,20250201,4,3,1,2,3,2,19.46,4,4.5,1
"TCKT002354",20251101,20251101,4,3,8,2,3,3,1.68,4,4.2,0
"TCKT002355",20251022,0,20,4,7,2,2,2,,12,,0
"TCKT002356",20250901,20250901,3,3,3,4,3,3,2.33,1,3,1
"TCKT002357",20250329,20250329,15,6,5,2,3,2,15.38,8,3.6,1
"TCKT002358",20251031,0,18,1,4,2,2,1,,72,,0
"TCKT002359",20250723,20250724,3,3,1,2,1,3,7.47,1,2.3,1
"TCKT002360",20251014,20251015,18,1,8,1,3,2,20.98,72,3.5,0
"TCKT002361",20250922,20250922,10,2,2,1,1,1,0.69,2,1.3,0
"TCKT002362",20250519,20250520,19,6,6,2,3,2,17.28,4,4.5,1
"TCKT002363",20250211,20250212,1,1,3,3,1,3,28.22,1,4.5,1
"TCKT002364",20250123,20250126,18,1,1,2,3,2,73.46,72,2.7,1
"TCKT002365",20250513,20250515,6,5,5,3,1,3,45.59,24,2.9,1
"TCKT002366",20250511,0,17,4,7,1,2,1,,8,,0
"TCKT002367",20250511,20250512,10,2,3,2,3,1,22.43,2,1.5,1
"TCKT002368",20250626,20250626,6,5,8,3,3,3,1.74,24,3.7,0
"TCKT002369",20251001,20251001,7,6,3,1,3,1,4.31,2,4,1
"TCKT002370",20251001,20251001,15,6,5,4,1,3,2.73,8,3.6,0
"TCKT002371",20250426,20250426,15,6,1,1,3,1,6.55,8,4.2,0
"TCKT002372",20250514,20250514,18,1,5,3,1,2,2.47,72,3,0
"TCKT002373",20250722,20250722,3,3,4,2,1,1,0.88,1,1.6,0
"TCKT002374",20250114,20250114,15,6,8,1,3,3,1.01,8,4.6,0
"TCKT002375",20250122,0,20,4,4,2,4,2,,12,,0
"TCKT002376",20250131,20250131,11,7,8,1,3,1,9.54,8,4.1,1
"TCKT002377",20250121,20250121,17,4,4,2,3,1,0.61,8,4.4,0
"TCKT002378",20251102,20251105,18,1,3,4,3,3,57.73,72,2.5,0
"TCKT002379",20250728,20250730,14,1,4,1,1,3,48.57,48,1.7,1
"TCKT002380",20250415,20250415,3,3,6,4,1,1,2.39,1,3,1
"TCKT002381",20251116,20251116,7,6,2,1,1,2,7.22,2,4.4,1
"TCKT002382",20251004,20251005,8,2,1,2,1,3,45.38,72,4,0
"TCKT002383",20251002,20251002,2,2,5,4,1,2,1.41,1,1.9,1
"TCKT002384",20251126,0,10,2,8,1,6,1,,2,,0
"TCKT002385",20251105,20251106,18,1,8,2,3,3,8.29,72,1.4,0
"TCKT002386",20251109,20251109,7,6,3,4,3,2,1.79,2,3.6,0
"TCKT002387",20250212,0,17,4,7,2,2,2,,8,,0
"TCKT002388",20250713,20250713,7,6,2,4,1,2,8.09,2,2.8,1
"TCKT002389",20251103,20251103,16,7,1,3,3,2,1.48,12,1.3,0
"TCKT002390",20251107,20251108,20,4,4,4,3,2,18.57,12,1.5,1
"TCKT002391",20250604,20250604,4,3,3,3,1,1,1.49,4,4.7,0
"TCKT002392",20250526,0,19,6,7,3,5,1,,4,,0
"TCKT002393",20250708,20250708,8,2,1,1,3,3,8.94,72,4.3,0
"TCKT002394",20250530,20250531,15,6,6,4,3,1,17.45,8,3.8,1
"TCKT002395",20251110,20251110,13,5,1,1,1,1,1.39,48,2.8,0
"TCKT002396",20250530,20250530,11,7,8,4,3,2,6.24,8,3.8,0
"TCKT002397",20250630,20250701,19,6,8,2,1,1,39.77,4,1.8,1
"TCKT002398",20250904,20250906,15,6,2,4,3,3,42.99,8,1.1,1
"TCKT002399",20250519,20250522,19,6,4,3,3,1,76.87,4,4.5,1
"TCKT002400",20250429,0,18,1,5,1,4,3,,72,,0
"TCKT002401",20250123,20250124,19,6,5,1,3,3,7.23,4,4,1
"TCKT002402",20250115,20250115,13,5,7,1,1,1,8.94,48,4.4,0
"TCKT002403",20251108,20251109,15,6,6,4,3,2,2.68,8,4.8,0
"TCKT002404",20250829,20250829,6,5,5,1,3,3,15.52,24,2.2,0
"TCKT002405",20250821,20250822,8,2,2,1,3,2,34.76,72,4.1,0
"TCKT002406",20250217,20250217,11,7,5,3,3,3,1.48,8,2.3,0
"TCKT002407",20250601,20250601,6,5,7,1,1,3,7.14,24,2.9,0
"TCKT002408",20250516,20250516,16,7,6,2,3,1,11.87,12,4.5,0
"TCKT002409",20251117,20251117,2,2,1,4,3,3,0.74,1,4.4,0
"TCKT002410",20250421,0,17,4,3,1,6,3,,8,,0
"TCKT002411",20250320,20250322,5,4,1,1,1,2,54.69,4,2,1
"TCKT002412",20250710,20250711,5,4,6,2,1,2,20,4,3.9,1
"TCKT002413",20250704,20250704,12,3,5,3,3,3,0.64,2,3.2,0
"TCKT002414",20250810,20250813,3,3,6,2,1,2,85.36,1,2.4,1
"TCKT002415",20250416,20250418,16,7,1,4,1,1,30.79,12,3.9,1
"TCKT002416",20250529,20250529,10,2,3,4,1,2,13.08,2,3.6,1
"TCKT002417",20250902,20250903,14,1,3,3,1,2,23.82,48,2.3,0
"TCKT002418",20250420,20250421,10,2,3,4,3,3,17.4,2,2.7,1
"TCKT002419",20250521,20250521,2,2,6,4,3,1,7.31,1,1,1
"TCKT002420",20250804,20250804,20,4,7,3,3,2,11.92,12,4,0
"TCKT002421",20250109,20250110,18,1,7,2,3,3,11.68,72,4,0
"TCKT002422",20251020,20251022,7,6,4,3,3,3,41.9,2,3.1,1
"TCKT002423",20250211,20250215,8,2,8,1,1,1,91.05,72,3.8,1
"TCKT002424",20251009,20251011,5,4,4,4,1,1,45.11,4,3.2,1
"TCKT002425",20251117,20251120,16,7,7,4,3,1,57.25,12,4.7,1
"TCKT002426",20250718,20250718,7,6,3,4,3,2,0.75,2,3.2,0
"TCKT002427",20251008,20251008,20,4,2,1,3,2,1.63,12,2.8,0
"TCKT002428",20250913,20250914,3,3,1,2,3,2,11.78,1,4.7,1
"TCKT002429",20250515,0,16,7,5,2,5,3,,12,,0
"TCKT002430",20251025,20251030,16,7,4,1,3,2,135.13,12,3.6,1
"TCKT002431",20250927,20250927,5,4,7,2,3,3,1.02,4,1.5,0
"TCKT002432",20251017,20251017,12,3,5,2,1,3,1.53,2,1.9,0
"TCKT002433",20250702,20250702,9,7,8,3,3,1,4.38,24,1.8,0
"TCKT002434",20251110,20251110,18,1,5,3,3,2,5.17,72,4.2,0
"TCKT002435",20250130,20250201,4,3,6,1,1,2,32.71,4,3.1,1
"TCKT002436",20250529,20250531,14,1,4,3,1,2,31.65,48,1.7,0
"TCKT002437",20251103,20251104,1,1,3,1,1,2,29.88,1,2.3,1
"TCKT002438",20250910,20250910,18,1,1,4,1,3,0.62,72,2.6,0
"TCKT002439",20250904,20250906,10,2,6,2,3,1,51.83,2,1.8,1
"TCKT002440",20250523,20250524,7,6,6,1,1,2,25.93,2,3.4,1
"TCKT002441",20250305,20250305,8,2,6,2,1,3,1.05,72,3.6,0
"TCKT002442",20250928,20250929,17,4,2,2,3,3,12.69,8,2.9,1
"TCKT002443",20250810,20250810,11,7,2,4,3,1,2.11,8,3.7,0
"TCKT002444",20251008,20251009,6,5,4,4,3,3,2.29,24,5,0
"TCKT002445",20250515,20250515,13,5,3,3,1,2,1.47,48,4.2,0
"TCKT002446",20251008,20251010,10,2,8,3,1,2,54.03,2,4.6,1
"TCKT002447",20251105,20251106,6,5,7,1,1,1,17.64,24,4.3,0
"TCKT002448",20250301,20250301,9,7,2,1,1,2,2.43,24,2.2,0
"TCKT002449",20251114,20251114,6,5,6,3,1,3,5.51,24,1,0
"TCKT002450",20251124,20251126,10,2,8,1,1,2,46.09,2,2.9,1
"TCKT002451",20251027,20251028,16,7,1,1,3,2,36.94,12,4.6,1
"TCKT002452",20250810,20250811,13,5,8,2,3,3,20.4,48,2.8,0
"TCKT002453",20250510,20250510,11,7,6,4,3,3,6.26,8,4.6,0
"TCKT002454",20250524,20250524,6,5,1,2,3,3,2.25,24,1.5,0
"TCKT002455",20250501,20250501,17,4,5,2,1,3,9.71,8,2.5,1
"TCKT002456",20250403,20250404,13,5,6,2,1,3,17.98,48,4.1,0
"TCKT002457",20250522,20250522,15,6,6,3,1,3,3.32,8,1.4,0
"TCKT002458",20250602,20250602,19,6,4,4,1,2,1.45,4,2.8,0
"TCKT002459",20251017,20251017,20,4,6,4,1,1,14.77,12,1.5,1
"TCKT002460",20250531,20250531,19,6,4,3,1,3,5.96,4,2.1,1
"TCKT002461",20250128,20250129,10,2,1,1,1,1,9.1,2,2.1,1
"TCKT002462",20250826,20250826,8,2,6,3,3,3,4.92,72,4.8,0
"TCKT002463",20251025,20251026,17,4,7,3,1,1,5.83,8,4.5,0
"TCKT002464",20250208,20250209,2,2,8,3,3,3,9.67,1,2.3,1
"TCKT002465",20250527,20250530,13,5,3,2,1,3,70.6,48,1.2,1
"TCKT002466",20250211,20250215,4,3,6,4,3,2,95.88,4,4.1,1
"TCKT002467",20251109,0,5,4,6,4,5,1,,4,,0
"TCKT002468",20250520,20250520,10,2,4,4,1,3,10.75,2,4.6,1
"TCKT002469",20250104,0,1,1,1,2,4,2,,1,,0
"TCKT002470",20250416,20250419,16,7,7,1,1,1,73.94,12,4.3,1
"TCKT002471",20250220,20250220,7,6,1,3,3,2,7.66,2,4.7,1
"TCKT002472",20250122,20250123,3,3,6,4,1,3,6.9,1,3.7,1
"TCKT002473",20250407,20250407,4,3,1,3,3,1,3.21,4,2.3,0
"TCKT002474",20250807,20250810,6,5,1,4,1,1,60.69,24,3.3,1
"TCKT002475",20250906,20250906,14,1,5,4,3,3,5.05,48,2.4,0
"TCKT002476",20250312,20250313,16,7,6,2,3,3,20.15,12,3.1,1
"TCKT002477",20250513,20250513,6,5,5,2,3,2,10.73,24,4.7,0
"TCKT002478",20251110,20251110,16,7,2,3,3,3,1.06,12,3.9,0
"TCKT002479",20251009,20251009,14,1,2,2,3,2,2.58,48,4.8,0
"TCKT002480",20250113,20250114,18,1,6,2,3,1,7.95,72,4.6,0
"TCKT002481",20250415,20250415,7,6,1,3,3,3,1.11,2,2.2,0
"TCKT002482",20250311,20250311,10,2,6,3,3,1,2.82,2,2,1
"TCKT002483",20250210,0,8,2,3,1,4,3,,72,,0
"TCKT002484",20250824,20250827,9,7,8,4,1,1,78.92,24,2.5,1
"TCKT002485",20251019,0,13,5,3,3,2,3,,48,,0
"TCKT002486",20250425,20250425,20,4,2,3,1,3,3.98,12,4.4,0
"TCKT002487",20250601,20250601,7,6,2,3,1,1,5.01,2,1.7,1
"TCKT002488",20250410,0,5,4,2,1,6,2,,4,,0
"TCKT002489",20250901,20250901,19,6,4,3,1,1,6.74,4,2.7,1
"TCKT002490",20250326,20250326,2,2,5,1,3,2,0.73,1,3.3,0
"TCKT002491",20250212,20250213,18,1,5,2,1,2,27.4,72,5,0
"TCKT002492",20250303,0,18,1,8,1,2,1,,72,,0
"TCKT002493",20251002,20251003,5,4,8,3,3,1,3.28,4,2.5,0
"TCKT002494",20250604,20250604,19,6,5,3,1,3,7.39,4,4.2,1
"TCKT002495",20250205,20250206,7,6,1,2,3,1,17.83,2,4.6,1
"TCKT002496",20250915,20250915,6,5,1,4,1,2,0.68,24,2.8,0
"TCKT002497",20250118,20250120,6,5,5,3,1,2,58.98,24,3.3,1
"TCKT002498",20250324,20250329,6,5,4,3,3,1,107.64,24,2.4,1
"TCKT002499",20250707,20250707,12,3,8,2,1,1,7.22,2,4.6,1
"TCKT002500",20250327,20250328,16,7,4,4,3,3,18.67,12,3.6,1
